
<root>

  <addinCategoryNames>
    <categoryName>abcd</categoryName>
    <categoryName>accountingengines</categoryName>
    <categoryName>assetswap</categoryName>
    <categoryName>alphaform</categoryName>
    <categoryName>basketlossmodels</categoryName>
    <categoryName>browniangenerators</categoryName>
    <categoryName>bonds</categoryName>
    <categoryName>btp</categoryName>
    <categoryName>calendar</categoryName>
    <categoryName>calibrationhelpers</categoryName>
    <categoryName>capfloor</categoryName>
    <categoryName>capletvolstructure</categoryName>
    <categoryName>cmsmarket</categoryName>
    <categoryName>cmsmarketcalibration</categoryName>
    <categoryName>couponvectors</categoryName>
    <categoryName>correlation</categoryName>
    <categoryName>ctsmmcapletcalibration</categoryName>
    <categoryName>curvestate</categoryName>
    <categoryName>date</categoryName>
    <categoryName>daycounter</categoryName>
    <categoryName>defaultbasket</categoryName>
    <categoryName>defaulttermstructures</categoryName>
    <categoryName>driftcalculators</categoryName>
    <categoryName>exercise</categoryName>
    <categoryName>evolutiondescription</categoryName>
    <categoryName>forwardrateagreement</categoryName>
    <categoryName>handles</categoryName>
    <categoryName>index</categoryName>
    <categoryName>instruments</categoryName>
    <categoryName>interpolation</categoryName>
    <categoryName>latentmodels</categoryName>
    <categoryName>leg</categoryName>
    <categoryName>marketmodels</categoryName>
    <categoryName>marketmodelevolvers</categoryName>
    <categoryName>mathf</categoryName>
    <categoryName>optimization</categoryName>
    <categoryName>options</categoryName>
    <categoryName>overnightindexedswap</categoryName>
    <categoryName>payoffs</categoryName>
    <categoryName>piecewiseyieldcurve</categoryName>
    <categoryName>prices</categoryName>
    <categoryName>pricingengines</categoryName>
    <categoryName>processes</categoryName>
    <categoryName>products</categoryName>
    <categoryName>randomsequencegenerator</categoryName>
    <categoryName>rangeaccrual</categoryName>
    <categoryName>ratehelpers</categoryName>
    <categoryName>schedule</categoryName>
    <categoryName>sequencestatistics</categoryName>
    <categoryName>settings</categoryName>
    <categoryName>shortratemodels</categoryName>
    <categoryName>smilesection</categoryName>
    <categoryName>statistics</categoryName>
    <categoryName>swap</categoryName>
    <categoryName>swaption</categoryName>
    <categoryName>swaptionvolstructure</categoryName>
    <categoryName>termstructures</categoryName>
    <categoryName>timeseries</categoryName>
    <categoryName>utilities</categoryName>
    <categoryName>vanillaswap</categoryName>
    <categoryName>volatilities</categoryName>
    <categoryName>volatility</categoryName>
    <categoryName>quotes</categoryName>
    <categoryName>credit</categoryName> <!--RL ADD 2010-07-22-->
    <categoryName>tenorbasisswap</categoryName><!--SH ADD 2020-08-11-->
    <categoryName>oibasisswap</categoryName><!--SH ADD 2020-08-13-->
    <categoryName>subperiodsswap</categoryName><!--SH ADD 2020-08-15-->
	</addinCategoryNames>
  
</root>

