<root>

  <RuleGroups>

    <RuleGroup name='functionDocs' indent='2' delimiter='&#10;'>
      <Wrap>&#10;%s</Wrap>
      <Rules>
        <Rule tensorRank='scalar'>%(indent)s%(nativeType)s %(name)s</Rule>
        <Rule tensorRank='vector'>%(indent)svector&lt;%(nativeType)s&gt; %(name)s</Rule>
        <Rule tensorRank='matrix'>%(indent)svector&lt;vector&lt;%(nativeType)s&gt; &gt; %(name)s</Rule>
      </Rules>
    </RuleGroup>

    <RuleGroup name='functionReturn'>
      <Wrap>&#10;%s</Wrap>
      <Rules>
        <Rule tensorRank='scalar'>%(nativeType)s %(name)s</Rule>
        <Rule tensorRank='vector'>vector&lt;%(nativeType)s&gt; %(name)s</Rule>
        <Rule tensorRank='matrix'>vector&lt;vector&lt;%(nativeType)s&gt; &gt; %(name)s</Rule>
      </Rules>
    </RuleGroup>

  </RuleGroups>

</root>