<Category name='ratehelpers'>
  <description>functions to construct and use RateHelper objects.</description>
  <displayName>RateHelper</displayName>
  <xlFunctionWizardCategory>QuantLib - Financial</xlFunctionWizardCategory>
  <serializationIncludes>
    <include>qlo/ratehelpers.hpp</include>
    <include>qlo/indexes/swapindex.hpp</include>
    <include>qlo/schedule.hpp</include>
    <include>qlo/bonds.hpp</include>
    <include>qlo/yieldtermstructures.hpp</include>
    <include>qlo/indexes/ibor/euribor.hpp</include>

    <include>ql/indexes/swapindex.hpp</include>
    <include>ql/instruments/bonds/fixedratebond.hpp</include>
    <include>ql/indexes/ibor/euribor.hpp</include>
    <include>ql/termstructures/yieldtermstructure.hpp</include>
  </serializationIncludes>
  <addinIncludes>
    <include>qlo/ratehelpers.hpp</include>
    <include>qlo/indexes/swapindex.hpp</include>
    <include>qlo/schedule.hpp</include>
    <include>qlo/bonds.hpp</include>
    <include>qlo/yieldtermstructures.hpp</include>
    <include>qlo/indexes/ibor/euribor.hpp</include>

    <include>ql/termstructures/yield/ratehelpers.hpp</include>
    <include>ql/indexes/swapindex.hpp</include>
    <include>ql/instruments/bonds/fixedratebond.hpp</include>
    <include>ql/indexes/ibor/euribor.hpp</include>
  </addinIncludes>
  <copyright>
    Copyright (C) 2005, 2006 Eric Ehlers
    Copyright (C) 2006, 2007, 2008, 2009, 2015 Ferdinando Ametrano
    Copyright (C) 2005 Plamen Neykov
    Copyright (C) 2005 Aurelien Chanudet
    Copyright (C) 2015 Maddalena Zanzi
    Copyright (C) 2015 Paolo Mazzocchi
    Copyright (C) 2019 BN Algorithms Ltd    
  </copyright>
  <Functions>

    <Member name='qlRateHelperEarliestDate' type='QuantLib::RateHelper'>
      <description>returns the earliest date for the given RateHelper object.</description>
      <libraryFunction>earliestDate</libraryFunction>
      <SupportedPlatforms>
        <SupportedPlatform name='Excel'/>
        <SupportedPlatform name='Calc'/>
        <!--SupportedPlatform name='Cpp'/-->
      </SupportedPlatforms>
      <ParameterList>
        <Parameters/>
      </ParameterList>
      <ReturnValue>
        <type>QuantLib::Date</type>
        <tensorRank>scalar</tensorRank>
      </ReturnValue>
    </Member>

    <Member name='qlRateHelperLatestRelevantDate' type='QuantLib::RateHelper'>
      <description>returns the latest relevant date for the given RateHelper object.</description>
      <libraryFunction>latestRelevantDate</libraryFunction>
      <SupportedPlatforms>
        <SupportedPlatform name='Excel'/>
        <SupportedPlatform name='Calc'/>
        <!--SupportedPlatform name='Cpp'/-->
      </SupportedPlatforms>
      <ParameterList>
        <Parameters/>
      </ParameterList>
      <ReturnValue>
        <type>QuantLib::Date</type>
        <tensorRank>scalar</tensorRank>
      </ReturnValue>
    </Member>

    <Member name='qlRateHelperPillarDate' type='QuantLib::RateHelper'>
      <description>returns the pillar date for the given RateHelper object.</description>
      <libraryFunction>pillarDate</libraryFunction>
      <SupportedPlatforms>
        <SupportedPlatform name='Excel'/>
        <SupportedPlatform name='Calc'/>
        <!--SupportedPlatform name='Cpp'/-->
      </SupportedPlatforms>
      <ParameterList>
        <Parameters/>
      </ParameterList>
      <ReturnValue>
        <type>QuantLib::Date</type>
        <tensorRank>scalar</tensorRank>
      </ReturnValue>
    </Member>

    <Member name='qlRateHelperMaturityDate' type='QuantLib::RateHelper'>
      <description>returns the maturity date for the given RateHelper object.</description>
      <libraryFunction>maturityDate</libraryFunction>
      <SupportedPlatforms>
        <SupportedPlatform name='Excel'/>
        <SupportedPlatform name='Calc'/>
        <!--SupportedPlatform name='Cpp'/-->
      </SupportedPlatforms>
      <ParameterList>
        <Parameters/>
      </ParameterList>
      <ReturnValue>
        <type>QuantLib::Date</type>
        <tensorRank>scalar</tensorRank>
      </ReturnValue>
    </Member>

    <Member name='qlRateHelperQuoteName' type='QuantLibAddin::RateHelper'>
      <description>returns the objectID of the Quote wrapped in the given RateHelper object.</description>
      <libraryFunction>quoteName</libraryFunction>
      <SupportedPlatforms>
        <SupportedPlatform name='Excel'/>
        <SupportedPlatform name='Calc'/>
        <SupportedPlatform name='Cpp'/>
      </SupportedPlatforms>
      <ParameterList>
        <Parameters/>
      </ParameterList>
      <ReturnValue>
        <type>string</type>
        <tensorRank>scalar</tensorRank>
      </ReturnValue>
    </Member>

    <Member name='qlRateHelperQuoteValue' type='QuantLib::RateHelper'>
      <description>returns the value of the Quote wrapped in the given RateHelper object.</description>
      <libraryFunction>quote()->value</libraryFunction>
      <SupportedPlatforms>
        <SupportedPlatform name='Excel'/>
        <SupportedPlatform name='Calc'/>
        <SupportedPlatform name='Cpp'/>
      </SupportedPlatforms>
      <ParameterList>
        <Parameters/>
      </ParameterList>
      <ReturnValue>
        <type>double</type>
        <tensorRank>scalar</tensorRank>
      </ReturnValue>
    </Member>

    <Member name='qlRateHelperQuoteIsValid' type='QuantLib::RateHelper'>
      <description>returns the isValid boolean of the Quote wrapped in the given RateHelper object.</description>
      <libraryFunction>quote()->isValid</libraryFunction>
      <SupportedPlatforms>
        <SupportedPlatform name='Excel'/>
        <SupportedPlatform name='Calc'/>
        <SupportedPlatform name='Cpp'/>
      </SupportedPlatforms>
      <ParameterList>
        <Parameters/>
      </ParameterList>
      <ReturnValue>
        <type>double</type>
        <tensorRank>scalar</tensorRank>
      </ReturnValue>
    </Member>

    <Member name='qlRateHelperImpliedQuote' type='QuantLib::RateHelper'>
      <description>returns the curve implied quote of the given RateHelper object.</description>
      <libraryFunction>impliedQuote</libraryFunction>
      <SupportedPlatforms>
        <SupportedPlatform name='Excel'/>
        <SupportedPlatform name='Calc'/>
        <SupportedPlatform name='Cpp'/>
      </SupportedPlatforms>
      <ParameterList>
        <Parameters/>
      </ParameterList>
      <ReturnValue>
        <type>double</type>
        <tensorRank>scalar</tensorRank>
      </ReturnValue>
    </Member>

    <Member name='qlRateHelperQuoteError' type='QuantLib::RateHelper'>
      <description>returns the error between the curve implied quote and the value of the Quote wrapped in the given RateHelper object.</description>
      <libraryFunction>quoteError</libraryFunction>
      <SupportedPlatforms>
        <SupportedPlatform name='Excel'/>
        <SupportedPlatform name='Cpp'/>
      </SupportedPlatforms>
      <ParameterList>
        <Parameters/>
      </ParameterList>
      <ReturnValue>
        <type>double</type>
        <tensorRank>scalar</tensorRank>
      </ReturnValue>
    </Member>

    <Constructor name='qlDepositRateHelper'>
      <libraryFunction>DepositRateHelper</libraryFunction>
      <SupportedPlatforms>
        <!--SupportedPlatform name='Excel' calcInWizard='false'/-->
        <SupportedPlatform name='Excel'/>
        <SupportedPlatform name='Calc'/>
        <SupportedPlatform name='Cpp'/>
      </SupportedPlatforms>
      <ParameterList>
        <Parameters>
          <Parameter name='Rate' exampleValue='0.036565'>
            <type>QuantLib::Quote</type>
            <superType>libToHandle</superType>
            <tensorRank>scalar</tensorRank>
            <description>deposit quote.</description>
          </Parameter>
          <Parameter name='IborIndex' exampleValue='Euribor6M'>
            <type>QuantLib::IborIndex</type>
            <tensorRank>scalar</tensorRank>
            <description>IborIndex object ID.</description>
          </Parameter>
        </Parameters>
      </ParameterList>
    </Constructor>

    <Constructor name='qlDepositRateHelper2'>
      <libraryFunction>DepositRateHelper</libraryFunction>
      <SupportedPlatforms>
        <!--SupportedPlatform name='Excel' calcInWizard='false'/-->
        <SupportedPlatform name='Excel'/>
        <SupportedPlatform name='Calc'/>
        <SupportedPlatform name='Cpp'/>
      </SupportedPlatforms>
      <ParameterList>
        <Parameters>
          <Parameter name='Rate' exampleValue='0.036565'>
            <type>QuantLib::Quote</type>
            <superType>libToHandle</superType>
            <tensorRank>scalar</tensorRank>
            <description>deposit quote.</description>
          </Parameter>
          <Parameter name='Tenor' exampleValue='6M'>
            <type>QuantLib::Period</type>
            <tensorRank>scalar</tensorRank>
            <description>deposit length (e.g. 3M for three months).</description>
          </Parameter>
          <Parameter name='FixingDays' exampleValue='2'>
            <type>QuantLib::Natural</type>
            <tensorRank>scalar</tensorRank>
            <description>fixing days (e.g. 2).</description>
          </Parameter>
          <Parameter name='Calendar' exampleValue='TARGET'>
            <type>QuantLib::Calendar</type>
            <tensorRank>scalar</tensorRank>
            <description>holiday calendar (e.g. TARGET).</description>
          </Parameter>
          <Parameter name='Convention' exampleValue='Modified Following'>
            <type>QuantLib::BusinessDayConvention</type>
            <tensorRank>scalar</tensorRank>
            <description>business day convention (e.g. Modified Following).</description>
          </Parameter>
          <Parameter name='EndOfMonth' exampleValue='true'>
            <type>bool</type>
            <tensorRank>scalar</tensorRank>
            <description>End of Month rule (TRUE for end of month to end of month termination date, FALSE otherwise).</description>
          </Parameter>
          <Parameter name='DayCounter' exampleValue='Actual/360'>
            <type>QuantLib::DayCounter</type>
            <tensorRank>scalar</tensorRank>
            <description>DayCounter ID.</description>
          </Parameter>
        </Parameters>
      </ParameterList>
    </Constructor>

    <Constructor name='qlSwapRateHelper'>
      <libraryFunction>SwapRateHelper</libraryFunction>
      <SupportedPlatforms>
        <!--SupportedPlatform name='Excel' calcInWizard='false'/-->
        <SupportedPlatform name='Excel'/>
        <SupportedPlatform name='Calc'/>
        <SupportedPlatform name='Cpp'/>
      </SupportedPlatforms>
      <ParameterList>
        <Parameters>
          <Parameter name='Rate' exampleValue='0.042322'>
            <type>QuantLib::Quote</type>
            <superType>libToHandle</superType>
            <tensorRank>scalar</tensorRank>
            <description>quote.</description>
          </Parameter>
          <Parameter name='SwapIndex' exampleValue='EuriborSwapIsdaFixA10Y'>
            <type>QuantLib::SwapIndex</type>
            <tensorRank>scalar</tensorRank>
            <description>SwapIndex object ID.</description>
          </Parameter>
          <Parameter name='Spread' exampleValue='0.0'>
            <type>QuantLib::Quote</type>
            <superType>libToHandle</superType>
            <tensorRank>scalar</tensorRank>
            <description>floating leg spread.</description>
          </Parameter>
          <Parameter name='ForwardStart' exampleValue='"0D"'>
            <type>QuantLib::Period</type>
            <tensorRank>scalar</tensorRank>
            <description>forward start period.</description>
          </Parameter>
          <Parameter name='DiscountingCurve' exampleValue='EURYC' default='""'>
            <type>QuantLib::YieldTermStructure</type>
            <superType>libToHandle</superType>
            <tensorRank>scalar</tensorRank>
            <description>discounting YieldTermStructure object ID.</description>
          </Parameter>
          <Parameter name='PillarDate' default='"MaturityDate"'>
            <type>QuantLib::Pillar::Choice</type>
            <tensorRank>scalar</tensorRank>
            <description>Pillar date can be: MaturityDate, LastRelevantDate or CustomDate.</description>
          </Parameter>
          <Parameter name='CustomPillarDate' default='QuantLib::Date()'>
            <type>QuantLib::Date</type>
            <tensorRank>scalar</tensorRank>
            <description>Custom Pillar Date.</description>
          </Parameter>
		  <Parameter name='EndOfMonth' default='false'>
            <type>bool</type>
            <tensorRank>scalar</tensorRank>
            <description>Use end of month dates.</description>
          </Parameter>
 		  <Parameter name='UseIndexedCoupons' default='false'>
            <type>bool</type>
            <tensorRank>scalar</tensorRank>
            <description>Use Indexed Coupons.</description>
          </Parameter>
	   </Parameters>
      </ParameterList>
    </Constructor>

    <Constructor name='qlSwapRateHelper2'>
      <libraryFunction>SwapRateHelper</libraryFunction>
      <SupportedPlatforms>
        <!--SupportedPlatform name='Excel' calcInWizard='false'/-->
        <SupportedPlatform name='Excel'/>
        <SupportedPlatform name='Calc'/>
        <SupportedPlatform name='Cpp'/>
      </SupportedPlatforms>
      <ParameterList>
        <Parameters>
          <Parameter name='Rate' exampleValue='0.042322'>
            <type>QuantLib::Quote</type>
            <superType>libToHandle</superType>
            <tensorRank>scalar</tensorRank>
            <description>quote.</description>
          </Parameter>
          <Parameter name='SettlDays' default='2'>
            <type>QuantLib::Natural</type>
            <tensorRank>scalar</tensorRank>
            <description>Number of days to spot date.</description>
          </Parameter>
          <Parameter name='Tenor' exampleValue='10Y'>
            <type>QuantLib::Period</type>
            <tensorRank>scalar</tensorRank>
            <description>swap length (e.g. 5Y for five years).</description>
          </Parameter>
          <Parameter name='Calendar' exampleValue='TARGET'>
            <type>QuantLib::Calendar</type>
            <tensorRank>scalar</tensorRank>
            <description>holiday calendar (e.g. TARGET).</description>
          </Parameter>
          <Parameter name='FixedLegFrequency' exampleValue='Annual'>
            <type>QuantLib::Frequency</type>
            <tensorRank>scalar</tensorRank>
            <description>fixed leg frequency (e.g. Annual, Semiannual, Every4Month, Quarterly, Bimonthly, Monthly).</description>
          </Parameter>
          <Parameter name='FixedLegConvention' exampleValue='ModifiedFollowing'>
            <type>QuantLib::BusinessDayConvention</type>
            <tensorRank>scalar</tensorRank>
            <description>fixed leg convention (e.g. Unadjusted).</description>
          </Parameter>
          <Parameter name='FixedLegDayCounter' exampleValue='30/360 (Bond Basis)'>
            <type>QuantLib::DayCounter</type>
            <tensorRank>scalar</tensorRank>
            <description>day counter (e.g. Actual/360).</description>
          </Parameter>
          <Parameter name='IborIndex' exampleValue='Euribor6M'>
            <type>QuantLib::IborIndex</type>
            <tensorRank>scalar</tensorRank>
            <description>floating leg IborIndex object ID.</description>
          </Parameter>
          <Parameter name='Spread' exampleValue='0.0'>
            <type>QuantLib::Quote</type>
            <superType>libToHandle</superType>
            <tensorRank>scalar</tensorRank>
            <description>floating leg spread.</description>
          </Parameter>
          <Parameter name='ForwardStart' exampleValue='"0D"'>
            <type>QuantLib::Period</type>
            <tensorRank>scalar</tensorRank>
            <description>forward start period.</description>
          </Parameter>
          <Parameter name='DiscountingCurve' exampleValue='EURYC' default='""'>
            <type>QuantLib::YieldTermStructure</type>
            <superType>libToHandle</superType>
            <tensorRank>scalar</tensorRank>
            <description>discounting YieldTermStructure object ID.</description>
          </Parameter>
          <Parameter name='PillarDate' default='"MaturityDate"'>
            <type>QuantLib::Pillar::Choice</type>
            <tensorRank>scalar</tensorRank>
            <description>Pillar date can be: MaturityDate, LastRelevantDate or CustomDate.</description>
          </Parameter>
          <Parameter name='CustomPillarDate' default='QuantLib::Date()'>
            <type>QuantLib::Date</type>
            <tensorRank>scalar</tensorRank>
            <description>Custom Pillar Date.</description>
          </Parameter>
 		  <Parameter name='EndOfMonth' default='false'>
            <type>bool</type>
            <tensorRank>scalar</tensorRank>
            <description>Use end of month dates.</description>
          </Parameter>
 		  <Parameter name='UseIndexedCoupons' default='false'>
            <type>bool</type>
            <tensorRank>scalar</tensorRank>
            <description>Use Indexed Coupons.</description>
          </Parameter>
        </Parameters>
      </ParameterList>
    </Constructor>

    <Member name='qlSwapRateHelperSpread' type='QuantLib::SwapRateHelper'>
      <description>returns the spread for the given SwapRateHelper object.</description>
      <libraryFunction>spread</libraryFunction>
      <SupportedPlatforms>
        <SupportedPlatform name='Excel'/>
        <!--SupportedPlatform name='Calc'/-->
        <!--SupportedPlatform name='Cpp'/-->
      </SupportedPlatforms>
      <ParameterList>
        <Parameters/>
      </ParameterList>
      <ReturnValue>
        <type>QuantLib::Spread</type>
        <tensorRank>scalar</tensorRank>
      </ReturnValue>
    </Member>

    <Member name='qlSwapRateHelperForwardStart' type='QuantLib::SwapRateHelper'>
      <description>returns the forward start period for the given SwapRateHelper object.</description>
      <libraryFunction>forwardStart</libraryFunction>
      <SupportedPlatforms>
        <SupportedPlatform name='Excel'/>
        <!--SupportedPlatform name='Calc'/-->
        <!--SupportedPlatform name='Cpp'/-->
      </SupportedPlatforms>
      <ParameterList>
        <Parameters/>
      </ParameterList>
      <ReturnValue>
        <type>QuantLib::Period</type>
        <tensorRank>scalar</tensorRank>
      </ReturnValue>
    </Member>

    <Constructor name='qlOISRateHelper'>
      <libraryFunction>OISRateHelper</libraryFunction>
      <SupportedPlatforms>
        <SupportedPlatform name='Excel'/>
        <SupportedPlatform name='Calc'/>
        <SupportedPlatform name='Cpp'/>
      </SupportedPlatforms>
      <ParameterList>
        <Parameters>
          <Parameter name='SettlDays' exampleValue='2'>
            <type>QuantLib::Natural</type>
            <tensorRank>scalar</tensorRank>
            <description>swap settlement days.</description>
          </Parameter>
          <Parameter name='Tenor' exampleValue='10Y'>
            <type>QuantLib::Period</type>
            <tensorRank>scalar</tensorRank>
            <description>swap length (e.g. 5Y for five years).</description>
          </Parameter>
          <Parameter name='FixedRate' exampleValue='0.00423'>
            <type>QuantLib::Quote</type>
            <superType>libToHandle</superType>
            <tensorRank>scalar</tensorRank>
            <description>quote.</description>
          </Parameter>
          <Parameter name='ONIndex' exampleValue='Eonia'>
            <type>QuantLib::OvernightIndex</type>
            <tensorRank>scalar</tensorRank>
            <description>floating leg OvernightIndex object ID.</description>
          </Parameter>
          <Parameter name='DiscountingCurve' exampleValue='EURYC' default='""'>
            <type>QuantLib::YieldTermStructure</type>
            <superType>libToHandle</superType>
            <tensorRank>scalar</tensorRank>
            <description>discounting YieldTermStructure object ID.</description>
          </Parameter>
          <Parameter name='TelescopicValueDates' exampleValue='true' default='false' >
            <type>bool</type>
            <tensorRank>scalar</tensorRank>
            <description>Telescope Value Dates?</description>
          </Parameter>
          <Parameter name='PaymentLag' exampleValue='2' default='0'>
            <type>QuantLib::Natural</type>
            <tensorRank>scalar</tensorRank>
            <description>Lag to payment</description>
          </Parameter>
        </Parameters>
      </ParameterList>
    </Constructor>

    <Constructor name='qlDatedOISRateHelper'>
      <libraryFunction>DatedOISRateHelper</libraryFunction>
      <SupportedPlatforms>
        SupportedPlatform name='Excel' calcInWizard='false'/
        <SupportedPlatform name='Excel'/>
        <SupportedPlatform name='Calc'/>
        <SupportedPlatform name='Cpp'/>
      </SupportedPlatforms>
      <ParameterList>
        <Parameters>
          <Parameter name='StartDate' exampleValue='39000'>
            <type>QuantLib::Date</type>
            <tensorRank>scalar</tensorRank>
            <description>swap start date.</description>
          </Parameter>
          <Parameter name='EndDate' exampleValue='40000'>
            <type>QuantLib::Date</type>
            <tensorRank>scalar</tensorRank>
            <description>swap end date.</description>
          </Parameter>
          <Parameter name='FixedRate' exampleValue='0.00423'>
            <type>QuantLib::Quote</type>
            <superType>libToHandle</superType>
            <tensorRank>scalar</tensorRank>
            <description>quote.</description>
          </Parameter>
          <Parameter name='ONIndex' exampleValue='Eonia'>
            <type>QuantLib::OvernightIndex</type>
            <tensorRank>scalar</tensorRank>
            <description>floating leg OvernightIndex object ID.</description>
          </Parameter>
          <Parameter name='DiscountingCurve' exampleValue='EURYC' default='""'>
            <type>QuantLib::YieldTermStructure</type>
            <superType>libToHandle</superType>
            <tensorRank>scalar</tensorRank>
            <description>discounting YieldTermStructure object ID.</description>
          </Parameter>
        </Parameters>
      </ParameterList>
    </Constructor>

    <Constructor name='qlFraRateHelper'>
      <libraryFunction>FraRateHelper</libraryFunction>
      <SupportedPlatforms>
        <!--SupportedPlatform name='Excel' calcInWizard='false'/-->
        <SupportedPlatform name='Excel'/>
        <SupportedPlatform name='Calc'/>
        <SupportedPlatform name='Cpp'/>
      </SupportedPlatforms>
      <ParameterList>
        <Parameters>
          <Parameter name='Rate' exampleValue='0.041234'>
            <type>QuantLib::Quote</type>
            <superType>libToHandle</superType>
            <tensorRank>scalar</tensorRank>
            <description>quote.</description>
          </Parameter>
          <Parameter name='PeriodToStart' exampleValue='3M'>
            <type>QuantLib::Period</type>
            <tensorRank>scalar</tensorRank>
            <description>Period to start date.</description>
          </Parameter>
          <Parameter name='IborIndex' exampleValue='Euribor6M'>
            <type>QuantLib::IborIndex</type>
            <tensorRank>scalar</tensorRank>
            <description>IborIndex object ID.</description>
          </Parameter>
          <Parameter name='PillarDate' default='"MaturityDate"'>
            <type>QuantLib::Pillar::Choice</type>
            <tensorRank>scalar</tensorRank>
            <description>Pillar date can be: MaturityDate, LastRelevantDate or CustomDate.</description>
          </Parameter>
          <Parameter name='CustomPillarDate' default='QuantLib::Date()'>
            <type>QuantLib::Date</type>
            <tensorRank>scalar</tensorRank>
            <description>Custom Pillar Date.</description>
          </Parameter>
        </Parameters>
      </ParameterList>
    </Constructor>

    <Constructor name='qlFraRateHelper2'>
      <libraryFunction>FraRateHelper</libraryFunction>
      <SupportedPlatforms>
        <!--SupportedPlatform name='Excel' calcInWizard='false'/-->
        <SupportedPlatform name='Excel'/>
        <SupportedPlatform name='Calc'/>
        <SupportedPlatform name='Cpp'/>
      </SupportedPlatforms>
      <ParameterList>
        <Parameters>
          <Parameter name='Rate' exampleValue='0.041234'>
            <type>QuantLib::Quote</type>
            <superType>libToHandle</superType>
            <tensorRank>scalar</tensorRank>
            <description>quote.</description>
          </Parameter>
          <Parameter name='PeriodToStart' exampleValue='3M'>
            <type>QuantLib::Period</type>
            <tensorRank>scalar</tensorRank>
            <description>Period to start date.</description>
          </Parameter>
          <Parameter name='LengthInMonths' exampleValue='9'>
            <type>QuantLib::Natural</type>
            <tensorRank>scalar</tensorRank>
            <description>months to end.</description>
          </Parameter>
          <Parameter name='FixingDays' exampleValue='2'>
            <type>QuantLib::Natural</type>
            <tensorRank>scalar</tensorRank>
            <description>fixing days (e.g. 2).</description>
          </Parameter>
          <Parameter name='Calendar' exampleValue='TARGET'>
            <type>QuantLib::Calendar</type>
            <tensorRank>scalar</tensorRank>
            <description>holiday calendar (e.g. TARGET).</description>
          </Parameter>
          <Parameter name='Convention' exampleValue='ModifiedFollowing'>
            <type>QuantLib::BusinessDayConvention</type>
            <tensorRank>scalar</tensorRank>
            <description>business day convention (e.g. Modified Following).</description>
          </Parameter>
          <Parameter name='EndOfMonth' exampleValue='true'>
            <type>bool</type>
            <tensorRank>scalar</tensorRank>
            <description>End of Month rule (TRUE for end of month to end of month termination date, FALSE otherwise).</description>
          </Parameter>
          <Parameter name='DayCounter' exampleValue='Actual/360'>
            <type>QuantLib::DayCounter</type>
            <tensorRank>scalar</tensorRank>
            <description>DayCounter ID.</description>
          </Parameter>
          <Parameter name='PillarDate' default='"MaturityDate"'>
            <type>QuantLib::Pillar::Choice</type>
            <tensorRank>scalar</tensorRank>
            <description>Pillar date can be: MaturityDate, LastRelevantDate or CustomDate.</description>
          </Parameter>
          <Parameter name='CustomPillarDate' default='QuantLib::Date()'>
            <type>QuantLib::Date</type>
            <tensorRank>scalar</tensorRank>
            <description>Custom Pillar Date.</description>
          </Parameter>
        </Parameters>
      </ParameterList>
    </Constructor>

    <Constructor name='qlBondHelper'>
      <libraryFunction>BondHelper</libraryFunction>
      <SupportedPlatforms>
        <!--SupportedPlatform name='Excel' calcInWizard='false'/-->
        <SupportedPlatform name='Excel'/>
        <SupportedPlatform name='Calc'/>
        <SupportedPlatform name='Cpp'/>
      </SupportedPlatforms>
      <ParameterList>
        <Parameters>
          <Parameter name='Price' exampleValue='100.4332'>
            <type>QuantLib::Quote</type>
            <superType>libToHandle</superType>
            <tensorRank>scalar</tensorRank>
            <description>price.</description>
          </Parameter>
          <Parameter name='Bond' exampleValue='DE0003088704'>
            <type>QuantLib::Bond</type>
            <tensorRank>scalar</tensorRank>
            <description>Bond object ID.</description>
          </Parameter>
          <Parameter name='PriceType'>
            <type>QuantLib::Bond::Price::Type</type>
            <tensorRank>scalar</tensorRank>
            <description>Type of price specified (clean or dirty).</description>
          </Parameter>
        </Parameters>
      </ParameterList>
    </Constructor>

    <Constructor name='qlFixedRateBondHelper'>
      <libraryFunction>FixedRateBondHelper</libraryFunction>
      <SupportedPlatforms>
        <!--SupportedPlatform name='Excel' calcInWizard='false'/-->
        <SupportedPlatform name='Excel'/>
        <SupportedPlatform name='Calc'/>
        <SupportedPlatform name='Cpp'/>
      </SupportedPlatforms>
      <ParameterList>
        <Parameters>
          <Parameter name='Price' exampleValue='100.4332'>
            <type>QuantLib::Quote</type>
            <superType>libToHandle</superType>
            <tensorRank>scalar</tensorRank>
            <description>Price - either clean or dirty.</description>
          </Parameter>
          <Parameter name='SettlementDays' exampleValue='3'>
            <type>QuantLib::Size</type>
            <tensorRank>scalar</tensorRank>
            <description>settlement days.</description>
          </Parameter>
          <Parameter name='FaceAmount' default='100.0'>
            <type>double</type>
            <tensorRank>scalar</tensorRank>
            <description>Face nominal amount.</description>
          </Parameter>
          <Parameter name='ScheduleID'>
            <type>QuantLib::Schedule</type>
            <superType>libraryClass</superType>
            <tensorRank>scalar</tensorRank>
            <description>Schedule object ID.</description>
          </Parameter>
          <Parameter name='Coupons' exampleValue='0.04'>
            <type>QuantLib::Rate</type>
            <tensorRank>vector</tensorRank>
            <description>coupon fixed rates.</description>
          </Parameter>
          <Parameter name='DayCounter' exampleValue='Actual/Actual (ISMA)'>
            <type>QuantLib::DayCounter</type>
            <tensorRank>scalar</tensorRank>
            <description>Payment DayCounter ID.</description>
          </Parameter>
          <Parameter name='PaymentBDC' default='"Following"'>
            <type>QuantLib::BusinessDayConvention</type>
            <tensorRank>scalar</tensorRank>
            <description>payment business day convention.</description>
          </Parameter>
          <Parameter name='Redemption' default='100.0'>
            <type>double</type>
            <tensorRank>scalar</tensorRank>
            <description>redemption value.</description>
          </Parameter>
          <Parameter name='IssueDate' default='QuantLib::Date()'>
            <type>QuantLib::Date</type>
            <tensorRank>scalar</tensorRank>
            <description>issue date: the bond can't be traded until then.</description>
          </Parameter>
          <Parameter name='PaymentCalendar' exampleValue='TARGET'>
            <type>QuantLib::Calendar</type>
            <tensorRank>scalar</tensorRank>
            <description>holiday calendar (e.g. TARGET).</description>
          </Parameter>
          <Parameter name='ExCouponPeriod' exampleValue='10D'>
            <type>QuantLib::Period</type>
            <tensorRank>scalar</tensorRank>
            <description>Ex-coupon period.</description>
          </Parameter>
          <Parameter name='ExCouponCalendar' exampleValue='TARGET'>
            <type>QuantLib::Calendar</type>
            <tensorRank>scalar</tensorRank>
            <description>Ex-coupon calendar (e.g. TARGET).</description>
          </Parameter>
          <Parameter name='ExCouponBDC' exampleValue='Modified Following'>
            <type>QuantLib::BusinessDayConvention</type>
            <tensorRank>scalar</tensorRank>
            <description>Ex-coupon business day convention (e.g. Modified Following).</description>
          </Parameter>
          <Parameter name='ExCouponEndOfMonth' exampleValue='true'>
            <type>bool</type>
            <tensorRank>scalar</tensorRank>
            <description>Ex-coupon end of month rule (TRUE for end of month to end of month termination date, FALSE otherwise).</description>
          </Parameter>
          <Parameter name='PriceType'>
            <type>QuantLib::Bond::Price::Type</type>
            <tensorRank>scalar</tensorRank>
            <description>Type of price specified (clean or dirty).</description>
          </Parameter>
        </Parameters>
      </ParameterList>
    </Constructor>

    <Member name='qlFuturesRateHelperConvexityAdjustment' type='QuantLib::FuturesRateHelper'>
      <description>returns the convexity adjustment for the given FuturesRateHelper object.</description>
      <libraryFunction>convexityAdjustment</libraryFunction>
      <SupportedPlatforms>
        <SupportedPlatform name='Excel'/>
        <!--SupportedPlatform name='Calc'/-->
        <!--SupportedPlatform name='Cpp'/-->
      </SupportedPlatforms>
      <ParameterList>
        <Parameters/>
      </ParameterList>
      <ReturnValue>
        <type>QuantLib::Spread</type>
        <tensorRank>scalar</tensorRank>
      </ReturnValue>
    </Member>

    <Constructor name='qlFuturesRateHelper'>
      <libraryFunction>FuturesRateHelper</libraryFunction>
      <SupportedPlatforms>
        <!--SupportedPlatform name='Excel' calcInWizard='false'/-->
        <SupportedPlatform name='Excel'/>
        <SupportedPlatform name='Calc'/>
        <SupportedPlatform name='Cpp'/>
      </SupportedPlatforms>
      <ParameterList>
        <Parameters>
          <Parameter name='Price' exampleValue='95.9285'>
            <type>QuantLib::Quote</type>
            <superType>libToHandle</superType>
            <tensorRank>scalar</tensorRank>
            <description>price quote.</description>
          </Parameter>
          <Parameter name='FuturesType' default='"IMM"'>
            <type>QuantLib::Futures::Type</type>
            <tensorRank>scalar</tensorRank>
            <description>Futures type.</description>
          </Parameter>
          <Parameter name='FuturesDate'>
            <type>QuantLib::Date</type>
            <tensorRank>scalar</tensorRank>
            <description>Futures date (IborIndex start date).</description>
          </Parameter>
          <Parameter name='IborIndex' default='"Euribor3M"'>
            <type>QuantLib::IborIndex</type>
            <tensorRank>scalar</tensorRank>
            <description>IborIndex object ID.</description>
          </Parameter>
          <Parameter name='ConvexityAdjQuote' exampleValue='0.0'>
            <type>QuantLib::Quote</type>
            <superType>libToHandle</superType>
            <tensorRank>scalar</tensorRank>
            <description>convexity adjustment quote (i.e. Forward rate = Futures rate - convexity adjustment).</description>
          </Parameter>
        </Parameters>
      </ParameterList>
    </Constructor>

    <Constructor name='qlFuturesRateHelper2'>
      <libraryFunction>FuturesRateHelper</libraryFunction>
      <SupportedPlatforms>
        <!--SupportedPlatform name='Excel' calcInWizard='false'/-->
        <SupportedPlatform name='Excel'/>
        <SupportedPlatform name='Calc'/>
        <SupportedPlatform name='Cpp'/>
      </SupportedPlatforms>
      <ParameterList>
        <Parameters>
          <Parameter name='Price' exampleValue='95.9285'>
            <type>QuantLib::Quote</type>
            <superType>libToHandle</superType>
            <tensorRank>scalar</tensorRank>
            <description>price quote.</description>
          </Parameter>
          <Parameter name='FuturesType' default='"IMM"'>
            <type>QuantLib::Futures::Type</type>
            <tensorRank>scalar</tensorRank>
            <description>Futures type.</description>
          </Parameter>
          <Parameter name='FuturesDate'>
            <type>QuantLib::Date</type>
            <tensorRank>scalar</tensorRank>
            <description>Futures date (IborIndex start date).</description>
          </Parameter>
          <Parameter name='LengthInMonths' default='3'>
            <type>long</type>
            <tensorRank>scalar</tensorRank>
            <description>future contract length in months.</description>
          </Parameter>
          <Parameter name='Calendar' exampleValue='TARGET'>
            <type>QuantLib::Calendar</type>
            <tensorRank>scalar</tensorRank>
            <description>holiday calendar (e.g. TARGET).</description>
          </Parameter>
          <Parameter name='Convention' default='"Modified Following"'>
            <type>QuantLib::BusinessDayConvention</type>
            <tensorRank>scalar</tensorRank>
            <description>business day convention (e.g. Modified Following).</description>
          </Parameter>
          <Parameter name='EndOfMonth' default='true'>
            <type>bool</type>
            <tensorRank>scalar</tensorRank>
            <description>End of Month rule (TRUE for end of month to end of month termination date, FALSE otherwise).</description>
          </Parameter>
          <Parameter name='DayCounter' default='"Actual/360"'>
            <type>QuantLib::DayCounter</type>
            <tensorRank>scalar</tensorRank>
            <description>DayCounter ID.</description>
          </Parameter>
          <Parameter name='ConvexityAdjQuote' exampleValue='0.0'>
            <type>QuantLib::Quote</type>
            <superType>libToHandle</superType>
            <tensorRank>scalar</tensorRank>
            <description>convexity adjustment quote (i.e. Forward rate = Futures rate - convexity adjustment).</description>
          </Parameter>
        </Parameters>
      </ParameterList>
    </Constructor>

    <Constructor name='qlFuturesRateHelper3'>
      <libraryFunction>FuturesRateHelper</libraryFunction>
      <SupportedPlatforms>
        <!--SupportedPlatform name='Excel' calcInWizard='false'/-->
        <SupportedPlatform name='Excel'/>
        <SupportedPlatform name='Calc'/>
        <SupportedPlatform name='Cpp'/>
      </SupportedPlatforms>
      <ParameterList>
        <Parameters>
          <Parameter name='Price' exampleValue='95.9285'>
            <type>QuantLib::Quote</type>
            <superType>libToHandle</superType>
            <tensorRank>scalar</tensorRank>
            <description>price quote.</description>
          </Parameter>
          <Parameter name='FuturesType' default='"IMM"'>
            <type>QuantLib::Futures::Type</type>
            <tensorRank>scalar</tensorRank>
            <description>Futures type.</description>
          </Parameter>
          <Parameter name='FuturesDate'>
            <type>QuantLib::Date</type>
            <tensorRank>scalar</tensorRank>
            <description>Futures date (IborIndex start date).</description>
          </Parameter>
          <Parameter name='EndDate' default='QuantLib::Date()'>
            <type>QuantLib::Date</type>
            <tensorRank>scalar</tensorRank>
            <description>end date.</description>
          </Parameter>
          <Parameter name='DayCounter' default='"Actual/360"'>
            <type>QuantLib::DayCounter</type>
            <tensorRank>scalar</tensorRank>
            <description>DayCounter ID.</description>
          </Parameter>
          <Parameter name='ConvexityAdjQuote' exampleValue='0.0'>
            <type>QuantLib::Quote</type>
            <superType>libToHandle</superType>
            <tensorRank>scalar</tensorRank>
            <description>convexity adjustment quote (i.e. Forward rate = Futures rate - convexity adjustment).</description>
          </Parameter>
        </Parameters>
      </ParameterList>
    </Constructor>

    <Constructor name='qlFxSwapRateHelper'>
      <libraryFunction>FxSwapRateHelper</libraryFunction>
      <SupportedPlatforms>
        <!--SupportedPlatform name='Excel' calcInWizard='false'/-->
        <SupportedPlatform name='Excel'/>
        <SupportedPlatform name='Calc'/>
        <SupportedPlatform name='Cpp'/>
      </SupportedPlatforms>
      <ParameterList>
        <Parameters>
          <Parameter name='FwdPoint' exampleValue='0.136565'>
            <type>QuantLib::Quote</type>
            <superType>libToHandle</superType>
            <tensorRank>scalar</tensorRank>
            <description>forward point quote.</description>
          </Parameter>
          <Parameter name='SpotFx' exampleValue='1.076565'>
            <type>QuantLib::Quote</type>
            <superType>libToHandle</superType>
            <tensorRank>scalar</tensorRank>
            <description>fx spot quote.</description>
          </Parameter>
          <Parameter name='Tenor' exampleValue='3M'>
            <type>QuantLib::Period</type>
            <tensorRank>scalar</tensorRank>
            <description>fx swap length (e.g. 3M for three months).</description>
          </Parameter>
          <Parameter name='FixingDays' exampleValue='2'>
            <type>QuantLib::Natural</type>
            <tensorRank>scalar</tensorRank>
            <description>fixing days (e.g. 2).</description>
          </Parameter>
          <Parameter name='Calendar' exampleValue='TARGET'>
            <type>QuantLib::Calendar</type>
            <tensorRank>scalar</tensorRank>
            <description>holiday calendar (e.g. TARGET).</description>
          </Parameter>
          <Parameter name='Convention' exampleValue='Modified Following'>
            <type>QuantLib::BusinessDayConvention</type>
            <tensorRank>scalar</tensorRank>
            <description>business day convention (e.g. Modified Following).</description>
          </Parameter>
          <Parameter name='EndOfMonth' exampleValue='true'>
            <type>bool</type>
            <tensorRank>scalar</tensorRank>
            <description>End of Month rule (TRUE for end of month to end of month termination date, FALSE otherwise).</description>
          </Parameter>
          <Parameter name='IsFxBaseCurrencyCollateralCurrency' exampleValue='true'>
            <type>bool</type>
            <tensorRank>scalar</tensorRank>
            <description>TRUE if the base currency of the fx currency pair is the one used as collateral, FALSE otherwise.</description>
          </Parameter>
          <Parameter name='CollateralCurve' exampleValue='EURON'>
            <type>QuantLib::YieldTermStructure</type>
            <superType>libToHandle</superType>
            <tensorRank>scalar</tensorRank>
            <description>collateral YieldTermStructure object ID.</description>
          </Parameter>
        </Parameters>
      </ParameterList>
    </Constructor>

    <Member name='qlFxSwapRateHelperSpotValue' type='QuantLib::FxSwapRateHelper'>
      <description>returns the fx spot quote value for the given FxSwapRateHelper object.</description>
      <libraryFunction>spot</libraryFunction>
      <SupportedPlatforms>
        <SupportedPlatform name='Excel'/>
        <!--SupportedPlatform name='Calc'/-->
        <!--SupportedPlatform name='Cpp'/-->
      </SupportedPlatforms>
      <ParameterList>
        <Parameters/>
      </ParameterList>
      <ReturnValue>
        <type>QuantLib::Real</type>
        <tensorRank>scalar</tensorRank>
      </ReturnValue>
    </Member>

    <Member name='qlFxSwapRateHelperTenor' type='QuantLib::FxSwapRateHelper'>
      <description>returns the tenor for the given FxSwapRateHelper object.</description>
      <libraryFunction>tenor</libraryFunction>
      <SupportedPlatforms>
        <SupportedPlatform name='Excel'/>
        <!--SupportedPlatform name='Calc'/-->
        <!--SupportedPlatform name='Cpp'/-->
      </SupportedPlatforms>
      <ParameterList>
        <Parameters/>
      </ParameterList>
      <ReturnValue>
        <type>QuantLib::Period</type>
        <tensorRank>scalar</tensorRank>
      </ReturnValue>
    </Member>

    <Member name='qlFxSwapRateHelperFixingDays' type='QuantLib::FxSwapRateHelper'>
      <description>returns the number of fixing days for the given FxSwapRateHelper object.</description>
      <libraryFunction>fixingDays</libraryFunction>
      <SupportedPlatforms>
        <SupportedPlatform name='Excel'/>
        <!--SupportedPlatform name='Calc'/-->
        <!--SupportedPlatform name='Cpp'/-->
      </SupportedPlatforms>
      <ParameterList>
        <Parameters/>
      </ParameterList>
      <ReturnValue>
        <type>QuantLib::Natural</type>
        <tensorRank>scalar</tensorRank>
      </ReturnValue>
    </Member>

    <Member name='qlFxSwapRateHelperCalendar' type='QuantLib::FxSwapRateHelper'>
      <description>returns the calendar for the given FxSwapRateHelper object.</description>
      <libraryFunction>calendar</libraryFunction>
      <SupportedPlatforms>
        <SupportedPlatform name='Excel'/>
        <!--SupportedPlatform name='Calc'/-->
        <!--SupportedPlatform name='Cpp'/-->
      </SupportedPlatforms>
      <ParameterList>
        <Parameters/>
      </ParameterList>
      <ReturnValue>
        <type>QuantLib::Calendar</type>
        <tensorRank>scalar</tensorRank>
      </ReturnValue>
    </Member>

    <Member name='qlFxSwapRateHelperBDC' type='QuantLib::FxSwapRateHelper'>
      <description>returns the business day convention for the given FxSwapRateHelper object.</description>
      <libraryFunction>businessDayConvention</libraryFunction>
      <SupportedPlatforms>
        <SupportedPlatform name='Excel'/>
        <!--SupportedPlatform name='Calc'/-->
        <!--SupportedPlatform name='Cpp'/-->
      </SupportedPlatforms>
      <ParameterList>
        <Parameters/>
      </ParameterList>
      <ReturnValue>
        <type>QuantLib::BusinessDayConvention</type>
        <tensorRank>scalar</tensorRank>
      </ReturnValue>
    </Member>

    <Member name='qlFxSwapRateHelperEOM' type='QuantLib::FxSwapRateHelper'>
      <description>returns the end of month flag for the given FxSwapRateHelper object.</description>
      <libraryFunction>endOfMonth</libraryFunction>
      <SupportedPlatforms>
        <SupportedPlatform name='Excel'/>
        <!--SupportedPlatform name='Calc'/-->
        <!--SupportedPlatform name='Cpp'/-->
      </SupportedPlatforms>
      <ParameterList>
        <Parameters/>
      </ParameterList>
      <ReturnValue>
        <type>bool</type>
        <tensorRank>scalar</tensorRank>
      </ReturnValue>
    </Member>

    <Member name='qlFxSwapRateHelperIsBaseCurrencyCollateralCurrency' type='QuantLib::FxSwapRateHelper'>
      <description>returns TRUE if the base currency of the fx currency pair is the one used as collateral, FALSE otherwise.</description>
      <libraryFunction>isFxBaseCurrencyCollateralCurrency</libraryFunction>
      <SupportedPlatforms>
        <SupportedPlatform name='Excel'/>
        <!--SupportedPlatform name='Calc'/-->
        <!--SupportedPlatform name='Cpp'/-->
      </SupportedPlatforms>
      <ParameterList>
        <Parameters/>
      </ParameterList>
      <ReturnValue>
        <type>bool</type>
        <tensorRank>scalar</tensorRank>
      </ReturnValue>
    </Member>

    <Procedure name='qlRateHelperSelection'>
      <description>selects rate helpers for bootstrapping.</description>
      <SupportedPlatforms>
        <SupportedPlatform name='Excel'/>
        <!--SupportedPlatform name='Calc'/-->
      </SupportedPlatforms>
      <ParameterList>
        <Parameters>
          <Parameter name='RateHelpers'>
            <type>QuantLibAddin::RateHelper</type>
            <tensorRank>vector</tensorRank>
            <description>vector of RateHelper IDs.</description>
          </Parameter>
          <Parameter name='Priority'>
            <type>QuantLib::Natural</type>
            <tensorRank>vector</tensorRank>
            <description>vector of priority integers (higher number for higher priority).</description>
          </Parameter>
          <Parameter name='NImmFutures'>
            <type>QuantLib::Natural</type>
            <tensorRank>scalar</tensorRank>
            <description>max number of IMM (March, June, September, December) Futures to be included.</description>
          </Parameter>
          <Parameter name='NSerialFutures'>
            <type>QuantLib::Natural</type>
            <tensorRank>scalar</tensorRank>
            <description>max number of Serial (January, February, April, May, July, August, October, November) Futures to be included.</description>
          </Parameter>
          <Parameter name='FutureRollDays' default='2'>
            <type>QuantLib::Natural</type>
            <tensorRank>scalar</tensorRank>
            <description>discard the front Futures the given number of (positive) days before its expiry (e.g zero implies the use of the front Futures during its expiry day).</description>
          </Parameter>
          <Parameter name='DepoInclusion' default='"AllDepos"'>
            <type>QuantLibAddin::RateHelper::DepoInclusionCriteria</type>
            <tensorRank>scalar</tensorRank>
            <description>Depo inclusion criteria.</description>
          </Parameter>
          <Parameter name='MinDistance' default='1'>
            <type>QuantLib::Natural</type>
            <tensorRank>vector</tensorRank>
            <description>minimum distance in (positive) days from near instruments.</description>
          </Parameter>
        </Parameters>
      </ParameterList>
      <ReturnValue>
        <type>QuantLibAddin::RateHelper</type>
        <tensorRank>vector</tensorRank>
      </ReturnValue>
    </Procedure>

    <Procedure name='qlRateHelperRate'>
      <description>returns the rate (if any) associated to a rate helper.</description>
      <SupportedPlatforms>
        <SupportedPlatform name='Excel'/>
      </SupportedPlatforms>
      <ParameterList>
        <Parameters>
          <Parameter name='RateHelper'>
            <type>QuantLibAddin::RateHelper</type>
            <tensorRank>scalar</tensorRank>
            <description>RateHelper ID.</description>
          </Parameter>
        </Parameters>
      </ParameterList>
      <ReturnValue>
        <type>double</type>
        <tensorRank>scalar</tensorRank>
      </ReturnValue>
    </Procedure>

  </Functions>
</Category>
