<Category name='overnightindexedswap'>
  <description>functions to construct and use OvernightIndexedSwap objects.</description>
  <displayName>Overnight Indexed Swap</displayName>
  <xlFunctionWizardCategory>QuantLib - Financial</xlFunctionWizardCategory>
  <addinIncludes>
    <include>qlo/overnightindexedswap.hpp</include>
    <include>qlo/indexes/iborindex.hpp</include>
    <include>qlo/schedule.hpp</include>
    <include>qlo/ratehelpers.hpp</include>

    <include>ql/indexes/iborindex.hpp</include>
    <include>ql/termstructures/yield/oisratehelper.hpp</include>
  </addinIncludes>
  <serializationIncludes>
    <include>qlo/overnightindexedswap.hpp</include>
    <include>qlo/indexes/iborindex.hpp</include>
    <include>qlo/schedule.hpp</include>
    <include>qlo/ratehelpers.hpp</include>

    <include>ql/indexes/iborindex.hpp</include>
    <include>ql/termstructures/yield/oisratehelper.hpp</include>
  </serializationIncludes>
  <copyright>
    Copyright (C) 2009, 2011, 2015 Ferdinando Ametrano
    Copyright (C) 2019 BN Algorithms Ltd
  </copyright>
  <Functions>

    <Constructor name='qlOvernightIndexedSwap'>
      <libraryFunction>OvernightIndexedSwap</libraryFunction>
      <SupportedPlatforms>
        <!--SupportedPlatform name='Excel' calcInWizard='false'/-->
        <SupportedPlatform name='Excel'/>
        <!--SupportedPlatform name='Calc'/-->
        <SupportedPlatform name='Cpp'/>
      </SupportedPlatforms>
      <processorName>InstrumentProcessor</processorName>
      <ParameterList>
        <Parameters>
          <Parameter name='PayerReceiver' default='"Payer"'>
            <type>QuantLib::OvernightIndexedSwap::Type</type>
            <tensorRank>scalar</tensorRank>
            <description>PAYER to pay the fixed rate, RECEIVER to receive it.</description>
          </Parameter>
          <Parameter name='Nominal' default='100'>
            <type>QuantLib::Real</type>
            <tensorRank>vector</tensorRank>
            <description>Notional Amount.</description>
          </Parameter>
          <Parameter name='Schedule' exampleValue='OisSchedule'>
            <type>QuantLib::Schedule</type>
            <superType>libraryClass</superType>
            <tensorRank>scalar</tensorRank>
            <description>Schedule object ID.</description>
          </Parameter>
          <Parameter name='FixedRate' default='0.0'>
            <type>QuantLib::Rate</type>
            <tensorRank>scalar</tensorRank>
            <description>the fixed leg rate.</description>
          </Parameter>
          <Parameter name='FixDayCounter' exampleValue='Actual/360'>
            <type>QuantLib::DayCounter</type>
            <tensorRank>scalar</tensorRank>
            <description>fixed leg day counter (e.g. Actual/360).</description>
          </Parameter>
          <Parameter name='OvernightIndex'>
            <type>QuantLib::OvernightIndex</type>
            <tensorRank>scalar</tensorRank>
            <description>overnight leg OvernightIndex object ID.</description>
          </Parameter>
          <Parameter name='Spread' default='0.0'>
            <type>QuantLib::Spread</type>
            <tensorRank>scalar</tensorRank>
            <description>overnight leg spread.</description>
          </Parameter>
          <Parameter name='PaymentLag' exampleValue='2' default='0'>
            <type>QuantLib::Natural</type>
            <tensorRank>scalar</tensorRank>
            <description>Lag to payment</description>
          </Parameter>	  
        </Parameters>
      </ParameterList>
    </Constructor>

    <Constructor name='qlOvernightIndexedSwap2'>
      <libraryFunction>OvernightIndexedSwap</libraryFunction>
      <SupportedPlatforms>
        <!--SupportedPlatform name='Excel' calcInWizard='false'/-->
        <SupportedPlatform name='Excel'/>
        <!--SupportedPlatform name='Calc'/-->
        <SupportedPlatform name='Cpp'/>
      </SupportedPlatforms>
      <processorName>InstrumentProcessor</processorName>
      <ParameterList>
        <Parameters>
          <Parameter name='PayOrRec' default='"Payer"'>
            <type>QuantLib::OvernightIndexedSwap::Type</type>
            <tensorRank>scalar</tensorRank>
            <description>PAYER to pay the fixed rate, RECEIVER to receive it.</description>
          </Parameter>
          <Parameter name='FxdNominal' default='100'>
            <type>QuantLib::Real</type>
            <tensorRank>vector</tensorRank>
            <description>Fixed Notional Amount.</description>
          </Parameter>
          <Parameter name='FxdSchedule' exampleValue='OisSchedule'>
            <type>QuantLib::Schedule</type>
            <superType>libraryClass</superType>
            <tensorRank>scalar</tensorRank>
            <description>Schedule pf fixed leg object ID.</description>
          </Parameter>
          <Parameter name='FxdRate' default='0.0'>
            <type>QuantLib::Rate</type>
            <tensorRank>scalar</tensorRank>
            <description>the fixed leg rate.</description>
          </Parameter>
          <Parameter name='FixDayCntr' exampleValue='Actual/360'>
            <type>QuantLib::DayCounter</type>
            <tensorRank>scalar</tensorRank>
            <description>fixed leg day counter (e.g. Actual/360).</description>
          </Parameter>
          <Parameter name='ONNominal' default='100'>
            <type>QuantLib::Real</type>
            <tensorRank>vector</tensorRank>
            <description>Overnight Notional Amount.</description>
          </Parameter>
          <Parameter name='ONSchedule' exampleValue='OisSchedule'>
            <type>QuantLib::Schedule</type>
            <superType>libraryClass</superType>
            <tensorRank>scalar</tensorRank>
            <description>Schedule of overight leg object ID.</description>
          </Parameter>
          <Parameter name='ONIndex'>
            <type>QuantLib::OvernightIndex</type>
            <tensorRank>scalar</tensorRank>
            <description>overnight leg OvernightIndex object ID.</description>
          </Parameter>
          <Parameter name='Spread' default='0.0'>
            <type>QuantLib::Spread</type>
            <tensorRank>scalar</tensorRank>
            <description>overnight leg spread.</description>
          </Parameter>
          <Parameter name='PaymentLag' exampleValue='2' default='0'>
            <type>QuantLib::Natural</type>
            <tensorRank>scalar</tensorRank>
            <description>Lag to payment</description>
          </Parameter>	  
          <Parameter name='PaymentBDC' >
            <type>QuantLib::BusinessDayConvention</type>
            <tensorRank>scalar</tensorRank>
            <description>payment date BDC</description>
          </Parameter>	  
          <Parameter name='PaymentCldr' >
            <type>QuantLib::Calendar</type>
            <tensorRank>scalar</tensorRank>
            <description>payment date Calendar</description>
          </Parameter>
          <Parameter name='TscpValuDts' default='true' >
            <type>bool</type>
            <tensorRank>scalar</tensorRank>
            <description>Telescopic value dates</description>
          </Parameter>	 		  
          <Parameter name='RateAveragingMethod' default='"Simple"' >
            <type>QuantLib::RateAveraging::Type</type>
            <tensorRank>scalar</tensorRank>
            <description>RateAveragingMethod (Simple or Compound)</description>
          </Parameter>	
 		  <Parameter name='LkbckDays' default='0'>
            <type>QuantLib::Natural</type>
            <tensorRank>scalar</tensorRank>
            <description>Lookback Period in days.</description>
          </Parameter>
 		  <Parameter name='LcktDays' default='0'>
            <type>QuantLib::Natural</type>
            <tensorRank>scalar</tensorRank>
            <description>Lockout Period in days.</description>
          </Parameter>
 		  <Parameter name='ApplyObsShift' default='false'>
            <type>bool</type>
            <tensorRank>scalar</tensorRank>
            <description>Apply Observation Shift</description>
	      </Parameter> 
		</Parameters>
      </ParameterList>
    </Constructor>
	
    <Constructor name='qlMakeOIS'>
      <libraryFunction>OvernightIndexedSwap</libraryFunction>
      <SupportedPlatforms>
        <!--SupportedPlatform name='Excel' calcInWizard='false'/-->
        <SupportedPlatform name='Excel'/>
        <!--SupportedPlatform name='Calc'/-->
        <SupportedPlatform name='Cpp'/>
      </SupportedPlatforms>
      <ParameterList>
        <Parameters>
          <Parameter name='SettlDays' default='2'>
            <type>QuantLib::Natural</type>
            <tensorRank>scalar</tensorRank>
            <description>Number of days to spot date.</description>
          </Parameter>
          <Parameter name='SwapTenor' exampleValue='5Y'>
            <type>QuantLib::Period</type>
            <tensorRank>scalar</tensorRank>
            <description>swap tenor period (e.g. 5Y).</description>
          </Parameter>
          <Parameter name='OvernightIndex' exampleValue='Eonia'>
            <type>QuantLib::OvernightIndex</type>
            <tensorRank>scalar</tensorRank>
            <description>OvernightIndex object ID.</description>
          </Parameter>
          <Parameter name='FixedRate' default='QuantLib::Null&lt;QuantLib::Rate&gt;()'>
            <type>QuantLib::Rate</type>
            <tensorRank>scalar</tensorRank>
            <description>the fixed leg rate. If missing atm rate is used.</description>
          </Parameter>
          <Parameter name='ForwardStart' exampleValue='"0D"'>
            <type>QuantLib::Period</type>
            <tensorRank>scalar</tensorRank>
            <description>forward start period (from spot date).</description>
          </Parameter>
          <Parameter name='FixDayCounter' default='"Actual/360"'>
            <type>QuantLib::DayCounter</type>
            <tensorRank>scalar</tensorRank>
            <description>fixed leg day counter.</description>
          </Parameter>
          <Parameter name='Spread' default='0.0'>
            <type>QuantLib::Spread</type>
            <tensorRank>scalar</tensorRank>
            <description>the spread in the overnight leg rate.</description>
          </Parameter>
          <Parameter name='PaymentLag' exampleValue='2' default='0'>
            <type>QuantLib::Natural</type>
            <tensorRank>scalar</tensorRank>
            <description>Lag to payment</description>
          </Parameter>
 		  <Parameter name='LookbackDays' default='0'>
            <type>QuantLib::Natural</type>
            <tensorRank>scalar</tensorRank>
            <description>Lookback Period in days.</description>
          </Parameter>
 		  <Parameter name='LockoutDays' default='0'>
            <type>QuantLib::Natural</type>
            <tensorRank>scalar</tensorRank>
            <description>Lockout Period in days.</description>
          </Parameter>
 		  <Parameter name='ApplyObservationShift' default='false'>
            <type>bool</type>
            <tensorRank>scalar</tensorRank>
            <description>Observation Shift</description>
	      </Parameter> 
 		</Parameters>
      </ParameterList>
    </Constructor>

    <Constructor name='qlMakeDatedOIS'>
      <libraryFunction>OvernightIndexedSwap</libraryFunction>
      <SupportedPlatforms>
        <!--SupportedPlatform name='Excel' calcInWizard='false'/-->
        <SupportedPlatform name='Excel'/>
        <!--SupportedPlatform name='Calc'/-->
        <SupportedPlatform name='Cpp'/>
      </SupportedPlatforms>
      <ParameterList>
        <Parameters>
          <Parameter name='StartDate' default='QuantLib::Date()'>
            <type>QuantLib::Date</type>
            <tensorRank>scalar</tensorRank>
            <description>ois start date. If missing first ECB date is used.</description>
          </Parameter>
          <Parameter name='EndDate' default='QuantLib::Date()'>
            <type>QuantLib::Date</type>
            <tensorRank>scalar</tensorRank>
            <description>ois end date. If missing first ECB date after start date is used.</description>
          </Parameter>
          <Parameter name='OvernightIndex' exampleValue='Eonia'>
            <type>QuantLib::OvernightIndex</type>
            <tensorRank>scalar</tensorRank>
            <description>OvernightIndex object ID.</description>
          </Parameter>
          <Parameter name='FixedRate' default='QuantLib::Null&lt;QuantLib::Rate&gt;()'>
            <type>QuantLib::Rate</type>
            <tensorRank>scalar</tensorRank>
            <description>the fixed leg rate. If missing atm rate is used.</description>
          </Parameter>
          <Parameter name='FixDayCounter' default='"Actual/360"'>
            <type>QuantLib::DayCounter</type>
            <tensorRank>scalar</tensorRank>
            <description>fixed leg day counter.</description>
          </Parameter>
          <Parameter name='Spread' default='0.0'>
            <type>QuantLib::Spread</type>
            <tensorRank>scalar</tensorRank>
            <description>the spread in the overnight leg rate.</description>
          </Parameter>
        </Parameters>
      </ParameterList>
    </Constructor>

    <Constructor name='qlOvernightIndexedSwapFromOISRateHelper'>
      <libraryFunction>OvernightIndexedSwap</libraryFunction>
      <SupportedPlatforms>
        <!--SupportedPlatform name='Excel' calcInWizard='false'/-->
        <SupportedPlatform name='Excel'/>
        <SupportedPlatform name='Cpp'/>
      </SupportedPlatforms>
      <ParameterList>
        <Parameters>
          <Parameter name='OISRateHelper'>
            <type>QuantLib::OISRateHelper</type>
            <tensorRank>scalar</tensorRank>
            <description>OISRateHelper object ID.</description>
          </Parameter>
        </Parameters>
      </ParameterList>
    </Constructor>

    <Member name='qlOvernightIndexedSwapFixedLegBPS' type='QuantLib::OvernightIndexedSwap'>
      <description>returns the BPS of the fixed rate leg for the given OvernightIndexedSwap object.</description>
      <libraryFunction>fixedLegBPS</libraryFunction>
      <SupportedPlatforms>
        <!--SupportedPlatform name='Excel' calcInWizard='false'/-->
        <SupportedPlatform name='Excel'/>
        <!--SupportedPlatform name='Cpp'/-->
      </SupportedPlatforms>
      <ParameterList>
        <Parameters />
      </ParameterList>
      <ReturnValue>
        <type>double</type>
        <tensorRank>scalar</tensorRank>
      </ReturnValue>
    </Member>

    <Member name='qlOvernightIndexedSwapFixedLegNPV' type='QuantLib::OvernightIndexedSwap'>
      <description>returns the NPV of the fixed rate leg for the given OvernightIndexedSwap object.</description>
      <libraryFunction>fixedLegNPV</libraryFunction>
      <SupportedPlatforms>
        <!--SupportedPlatform name='Excel' calcInWizard='false'/-->
        <SupportedPlatform name='Excel'/>
        <!--SupportedPlatform name='Calc'/-->
        <!--SupportedPlatform name='Cpp'/-->
      </SupportedPlatforms>
      <ParameterList>
        <Parameters />
      </ParameterList>
      <ReturnValue>
        <type>double</type>
        <tensorRank>scalar</tensorRank>
      </ReturnValue>
    </Member>

    <Member name='qlOvernightIndexedSwapFairRate' type='QuantLib::OvernightIndexedSwap'>
      <description>returns the fair fixed leg rate which would zero the swap NPV for the given OvernightIndexedSwap object.</description>
      <libraryFunction>fairRate</libraryFunction>
      <SupportedPlatforms>
        <!--SupportedPlatform name='Excel' calcInWizard='false'/-->
        <SupportedPlatform name='Excel'/>
        <!--SupportedPlatform name='Calc'/-->
        <!--SupportedPlatform name='Cpp'/-->
      </SupportedPlatforms>
      <ParameterList>
        <Parameters />
      </ParameterList>
      <ReturnValue>
        <type>QuantLib::Rate</type>
        <tensorRank>scalar</tensorRank>
      </ReturnValue>
    </Member>

    <Member name='qlOvernightIndexedSwapOvernightLegBPS' type='QuantLib::OvernightIndexedSwap'>
      <description>returns the BPS of the overnight rate leg for the given OvernightIndexedSwap object.</description>
      <libraryFunction>overnightLegBPS</libraryFunction>
      <SupportedPlatforms>
        <!--SupportedPlatform name='Excel' calcInWizard='false'/-->
        <SupportedPlatform name='Excel'/>
        <!--SupportedPlatform name='Calc'/-->
        <!--SupportedPlatform name='Cpp'/-->
      </SupportedPlatforms>
      <ParameterList>
        <Parameters />
      </ParameterList>
      <ReturnValue>
        <type>double</type>
        <tensorRank>scalar</tensorRank>
      </ReturnValue>
    </Member>

    <Member name='qlOvernightIndexedSwapOvernightLegNPV' type='QuantLib::OvernightIndexedSwap'>
      <description>returns the NPV of the overnight rate leg for the given OvernightIndexedSwap object.</description>
      <libraryFunction>overnightLegNPV</libraryFunction>
      <SupportedPlatforms>
        <!--SupportedPlatform name='Excel' calcInWizard='false'/-->
        <SupportedPlatform name='Excel'/>
        <!--SupportedPlatform name='Calc'/-->
        <!--SupportedPlatform name='Cpp'/-->
      </SupportedPlatforms>
      <ParameterList>
        <Parameters />
      </ParameterList>
      <ReturnValue>
        <type>double</type>
        <tensorRank>scalar</tensorRank>
      </ReturnValue>
    </Member>

    <Member name='qlOvernightIndexedSwapFairSpread' type='QuantLib::OvernightIndexedSwap'>
      <description>returns the fair spread over the overnight rate which would zero the swap NPV for the given OvernightIndexedSwap object.</description>
      <libraryFunction>fairSpread</libraryFunction>
      <SupportedPlatforms>
        <!--SupportedPlatform name='Excel' calcInWizard='false'/-->
        <SupportedPlatform name='Excel'/>
        <!--SupportedPlatform name='Calc'/-->
        <!--SupportedPlatform name='Cpp'/-->
      </SupportedPlatforms>
      <ParameterList>
        <Parameters />
      </ParameterList>
      <ReturnValue>
        <type>QuantLib::Spread</type>
        <tensorRank>scalar</tensorRank>
      </ReturnValue>
    </Member>


    <Member name='qlOvernightIndexedSwapType' type='QuantLib::OvernightIndexedSwap'>
      <description>returns the swap type (Payer or Receiver) of the given OvernightIndexedSwap object.</description>
      <libraryFunction>type</libraryFunction>
      <SupportedPlatforms>
        <!--SupportedPlatform name='Excel' calcInWizard='false'/-->
        <SupportedPlatform name='Excel'/>
        <!--SupportedPlatform name='Calc'/-->
        <!--SupportedPlatform name='Cpp'/-->
      </SupportedPlatforms>
      <ParameterList>
        <Parameters />
      </ParameterList>
      <ReturnValue>
        <type>QuantLib::OvernightIndexedSwap::Type</type>
        <tensorRank>scalar</tensorRank>
      </ReturnValue>
    </Member>

    <Member name='qlOvernightIndexedSwapNominal' type='QuantLib::OvernightIndexedSwap'>
      <description>returns the swap nominal for the given OvernightIndexedSwap object.</description>
      <libraryFunction>nominal</libraryFunction>
      <SupportedPlatforms>
        <!--SupportedPlatform name='Excel' calcInWizard='false'/-->
        <SupportedPlatform name='Excel'/>
        <!--SupportedPlatform name='Calc'/-->
        <!--SupportedPlatform name='Cpp'/-->
      </SupportedPlatforms>
      <ParameterList>
        <Parameters />
      </ParameterList>
      <ReturnValue>
        <type>double</type>
        <tensorRank>scalar</tensorRank>
      </ReturnValue>
    </Member>

    <Member name='qlOvernightIndexedSwapFixedRate' type='QuantLib::OvernightIndexedSwap'>
      <description>returns the fixed rate for the given OvernightIndexedSwap object.</description>
      <libraryFunction>fixedRate</libraryFunction>
      <SupportedPlatforms>
        <!--SupportedPlatform name='Excel' calcInWizard='false'/-->
        <SupportedPlatform name='Excel'/>
        <!--SupportedPlatform name='Calc'/-->
        <!--SupportedPlatform name='Cpp'/-->
      </SupportedPlatforms>
      <ParameterList>
        <Parameters />
      </ParameterList>
      <ReturnValue>
        <type>QuantLib::Rate</type>
        <tensorRank>scalar</tensorRank>
      </ReturnValue>
    </Member>

    <Member name='qlOvernightIndexedSwapFixedDayCount' type='QuantLib::OvernightIndexedSwap'>
      <description>returns the fixed rate day count convention for the given OvernightIndexedSwap object.</description>
      <libraryFunction>fixedDayCount</libraryFunction>
      <SupportedPlatforms>
        <!--SupportedPlatform name='Excel' calcInWizard='false'/-->
        <SupportedPlatform name='Excel'/>
	<!--SupportedPlatform name='Calc'/-->
        <!--SupportedPlatform name='Cpp'/-->
      </SupportedPlatforms>
      <ParameterList>
        <Parameters />
      </ParameterList>
      <ReturnValue>
        <type>QuantLib::DayCounter</type>
        <tensorRank>scalar</tensorRank>
      </ReturnValue>
    </Member>

    <Member name='qlOvernightIndexedSwapSpread' type='QuantLib::OvernightIndexedSwap'>
      <description>returns the spread over overnight rate for the given OvernightIndexedSwap object.</description>
      <libraryFunction>spread</libraryFunction>
      <SupportedPlatforms>
        <!--SupportedPlatform name='Excel' calcInWizard='false'/-->
        <SupportedPlatform name='Excel'/>
        <!--SupportedPlatform name='Calc'/-->
        <!--SupportedPlatform name='Cpp'/-->
      </SupportedPlatforms>
      <ParameterList>
        <Parameters />
      </ParameterList>
      <ReturnValue>
        <type>QuantLib::Spread</type>
        <tensorRank>scalar</tensorRank>
      </ReturnValue>
    </Member>

    <Member name='qlOvernightIndexedSwapFixedLegAnalysis' type='QuantLibAddin::OvernightIndexedSwap'>
      <description>returns the fixed rate leg cash flow analysis of the given OvernightIndexedSwap object.</description>
      <libraryFunction>fixedLegAnalysis</libraryFunction>
      <SupportedPlatforms>
        <!--SupportedPlatform name='Excel' calcInWizard='false'/-->
        <SupportedPlatform name='Excel'/>
        <!--SupportedPlatform name='Cpp'/-->
      </SupportedPlatforms>
      <ParameterList>
        <Parameters>
          <Parameter name='AfterDate' const='False' default='QuantLib::Date()'>
            <type>QuantLib::Date</type>
            <tensorRank>scalar</tensorRank>
            <description>Shows only cashflows after given date</description>
          </Parameter>
        </Parameters>
      </ParameterList>
      <ReturnValue>
        <type>any</type>
        <tensorRank>matrix</tensorRank>
      </ReturnValue>
    </Member>

    <Member name='qlOvernightIndexedSwapOvernightLegAnalysis' type='QuantLibAddin::OvernightIndexedSwap'>
      <description>returns the overnight rate leg cash flow analysis.</description>
      <libraryFunction>overnightLegAnalysis</libraryFunction>
      <SupportedPlatforms>
        <!--SupportedPlatform name='Excel' calcInWizard='false'/-->
        <SupportedPlatform name='Excel'/>
        <!--SupportedPlatform name='Cpp'/-->
      </SupportedPlatforms>
      <ParameterList>
        <Parameters>
          <Parameter name='AfterDate' const='False' default='QuantLib::Date()'>
            <type>QuantLib::Date</type>
            <tensorRank>scalar</tensorRank>
            <description>Shows only cashflows after given date</description>
          </Parameter>
        </Parameters>
      </ParameterList>
      <ReturnValue>
        <type>any</type>
        <tensorRank>matrix</tensorRank>
      </ReturnValue>
    </Member>

  </Functions>
</Category>
