<Category name='credit'>
  <description>QuantLib Credit</description>
  <displayName>QuantLib Credit</displayName>
  <xlFunctionWizardCategory>QuantLib - Credit</xlFunctionWizardCategory>
  <addinIncludes>
    <include>qlo/credit.hpp</include>
    <include>qlo/creditdefaultswap.hpp</include>
    <include>qlo/cdsoption.hpp</include>
    <include>qlo/pricingengines.hpp</include>
    <include>qlo/termstructures.hpp</include>
    <include>qlo/handleimpl.hpp</include>
    <include>qlo/conversions/coercetermstructure.hpp</include>
    <include>qlo/ratehelpers.hpp</include>
    <include>qlo/defaultbasket.hpp</include>
    <include>qlo/exercise.hpp</include>

    <include>ql/termstructures/credit/defaultprobabilityhelpers.hpp</include>
    <include>ql/pricingengines/credit/midpointcdsengine.hpp</include>
    <include>ql/experimental/credit/basket.hpp</include>
    <include>ql/experimental/credit/cdsoption.hpp</include>
  </addinIncludes>
  <serializationIncludes>
    <include>qlo/credit.hpp</include>
    <include>qlo/creditdefaultswap.hpp</include>
    <include>qlo/cdsoption.hpp</include>
    <include>qlo/pricingengines.hpp</include>
    <include>qlo/schedule.hpp</include>
    <include>qlo/termstructures.hpp</include>
    <include>qlo/conversions/coercetermstructure.hpp</include>
    <include>qlo/ratehelpers.hpp</include>
    <include>qlo/defaultbasket.hpp</include>
    <include>qlo/exercise.hpp</include>

    <include>ql/termstructures/yieldtermstructure.hpp</include>
    <include>ql/termstructures/defaulttermstructure.hpp</include>
    <include>ql/time/daycounter.hpp</include>
    <include>ql/experimental/credit/basket.hpp</include>
    <include>ql/experimental/credit/cdsoption.hpp</include>
  </serializationIncludes>
  <copyright>
    Copyright (C) 2010 Roland Lichters
  </copyright>

  <Functions>

    <Constructor name='qlCreditDefaultSwap'>
      <libraryFunction>CreditDefaultSwap</libraryFunction>
      <SupportedPlatforms>
        <SupportedPlatform name='Excel'/>
	      <SupportedPlatform name='Calc'/>
      </SupportedPlatforms>
      <ParameterList>
        <Parameters>
          <Parameter name='BuyerSeller' default='"Buyer"'>
            <type>QuantLib::Protection::Side</type>
            <tensorRank>scalar</tensorRank>
            <description>BUYER for bought, SELLER for sold protection.</description>
          </Parameter>
          <Parameter name='Notional'>
            <type>QuantLib::Real</type>
            <tensorRank>scalar</tensorRank>
            <description>Nominal amount</description>
          </Parameter>
          <Parameter name='Upfront'>
            <type>QuantLib::Rate</type>
            <tensorRank>scalar</tensorRank>
            <description>upfront in fractional units</description>
          </Parameter>
          <Parameter name='Spread'>
            <type>QuantLib::Rate</type>
            <tensorRank>scalar</tensorRank>
            <description>running spread in fractional units</description>
          </Parameter>
          <Parameter name='PremiumSchedule'>
            <type>QuantLib::Schedule</type>
            <superType>libraryClass</superType>
            <tensorRank>scalar</tensorRank>
            <description>premium leg Schedule object ID.</description>
          </Parameter>
          <Parameter name='PaymentConvention' default='"Following"'>
            <type>QuantLib::BusinessDayConvention</type>
            <tensorRank>scalar</tensorRank>
            <description>Payment dates' business day convention.</description>
          </Parameter>
          <Parameter name='DC' exampleValue='Actual/360'>
            <type>QuantLib::DayCounter</type>
            <tensorRank>scalar</tensorRank>
            <description>premium leg day counter (e.g. Actual/360).</description>
          </Parameter>
          <Parameter name='SettlesAccrual' const='False' default='true'>
            <type>bool</type>
            <tensorRank>scalar</tensorRank>
            <description>TRUE ensures settlement of accural.</description>
          </Parameter>
          <Parameter name='PayAtDefault' const='False' default='true'>
            <type>bool</type>
            <tensorRank>scalar</tensorRank>
            <description>TRUE ensures payment at default time</description>
          </Parameter>
          <Parameter name='ProtectionStart' default='QuantLib::Date()'>
            <type>QuantLib::Date</type>
            <tensorRank>scalar</tensorRank>
            <description>protection start date.</description>
          </Parameter>
          <Parameter name='UpfrontDate' default='QuantLib::Date()'>
            <type>QuantLib::Date</type>
            <tensorRank>scalar</tensorRank>
            <description>upfront date.....FIXME do not use, Use tare date and cash settlement days?</description>
          </Parameter>
          <Parameter name='LastPeriodDC' exampleValue='Actual/360'>
            <type>QuantLib::DayCounter</type>
            <tensorRank>scalar</tensorRank>
            <description>premium leg day counter for the last period(e.g. Actual/360).</description>
          </Parameter>		  
          <Parameter name='RebatesAccr' default='true'>
            <type>bool</type>
            <tensorRank>scalar</tensorRank>
            <description>Seller pays the first accrued coupon up to trade.</description>
          </Parameter>
		  <Parameter name='TradeDate' default='QuantLib::Date()'>
            <type>QuantLib::Date</type>
            <tensorRank>scalar</tensorRank>
            <description>TradeDate.</description>
          </Parameter>
		  <Parameter name='CSDays' default='3'>
            <type>QuantLib::Natural</type>
            <tensorRank>scalar</tensorRank>
            <description>Cash Settlement Days.</description>
        </Parameter>
		  <Parameter name='CPLDays' default='0'>
            <type>QuantLib::Natural</type>
            <tensorRank>scalar</tensorRank>
            <description>Cash Settlement Days. FIXME...is this needed in practise?</description>
        </Parameter>
       </Parameters>
      </ParameterList>
    </Constructor>

    <Constructor name='qlMidPointCdsEngine'>
      <libraryFunction>MidPointCdsEngine</libraryFunction>
      <SupportedPlatforms>
        <!--SupportedPlatform name='Excel' calcInWizard='false'/-->
        <SupportedPlatform name='Excel'/>
        <SupportedPlatform name='Calc'/>
        <SupportedPlatform name='Cpp'/>
      </SupportedPlatforms>
      <ParameterList>
        <Parameters>
          <Parameter name='DefaultCurve'>
            <type>QuantLib::DefaultProbabilityTermStructure</type>
            <superType>libToHandle</superType>
            <tensorRank>scalar</tensorRank>
            <description>default term structure object ID.</description>
          </Parameter>
          <Parameter name='RecoveryRate'>
            <type>QuantLib::Real</type>
            <tensorRank>scalar</tensorRank>
            <description>constant recovery rate</description>
          </Parameter>
          <Parameter name='YieldCurve'>
            <type>QuantLib::YieldTermStructure</type>
            <superType>libToHandle</superType>
            <tensorRank>scalar</tensorRank>
            <description>discounting yield term structure object ID.</description>
          </Parameter>
          <Parameter name='IncludeSettlementDateFlows'>
            <type>bool</type>
            <tensorRank>scalar</tensorRank>
            <description>Include settlement Date flows?</description>
          </Parameter>
        </Parameters>
      </ParameterList>
    </Constructor>

    <Constructor name='qlEndPointCdsEngine'>
      <libraryFunction>EndPointCdsEngine</libraryFunction>
      <SupportedPlatforms>
        <!--SupportedPlatform name='Excel' calcInWizard='false'/-->
        <SupportedPlatform name='Excel'/>
        <SupportedPlatform name='Calc'/>
        <SupportedPlatform name='Cpp'/>
      </SupportedPlatforms>
      <ParameterList>
        <Parameters>
          <Parameter name='DefaultCurve'>
            <type>QuantLib::DefaultProbabilityTermStructure</type>
            <superType>libToHandle</superType>
            <tensorRank>scalar</tensorRank>
            <description>default term structure object ID.</description>
          </Parameter>
          <Parameter name='RecoveryRate'>
            <type>QuantLib::Real</type>
            <tensorRank>scalar</tensorRank>
            <description>constant recovery rate</description>
          </Parameter>
          <Parameter name='YieldCurve'>
            <type>QuantLib::YieldTermStructure</type>
            <superType>libToHandle</superType>
            <tensorRank>scalar</tensorRank>
            <description>discounting yield term structure object ID.</description>
          </Parameter>
          <Parameter name='IncludeSettlementDateFlows'>
            <type>bool</type>
            <tensorRank>scalar</tensorRank>
            <description>Include settlement Date flows?</description>
          </Parameter>
        </Parameters>
      </ParameterList>
    </Constructor>

    <Constructor name='qlIntegralCdsEngine'>
      <libraryFunction>IntegralCdsEngine</libraryFunction>
      <SupportedPlatforms>
        <!--SupportedPlatform name='Excel' calcInWizard='false'/-->
        <SupportedPlatform name='Excel'/>
        <SupportedPlatform name='Calc'/>
        <SupportedPlatform name='Cpp'/>
      </SupportedPlatforms>
      <ParameterList>
        <Parameters>
          <Parameter name='IntegrationStep'>
            <type>QuantLib::Period</type>
            <tensorRank>scalar</tensorRank>
            <description>Integration Step (eg 1D)</description>
          </Parameter>
          <Parameter name='DefaultCurve'>
            <type>QuantLib::DefaultProbabilityTermStructure</type>
            <superType>libToHandle</superType>
            <tensorRank>scalar</tensorRank>
            <description>default term structure object ID.</description>
          </Parameter>
          <Parameter name='RecoveryRate'>
            <type>QuantLib::Real</type>
            <tensorRank>scalar</tensorRank>
            <description>constant recovery rate</description>
          </Parameter>
          <Parameter name='YieldCurve'>
            <type>QuantLib::YieldTermStructure</type>
            <superType>libToHandle</superType>
            <tensorRank>scalar</tensorRank>
            <description>discounting yield term structure object ID.</description>
          </Parameter>
          <Parameter name='IncludeSettlementDateFlows'>
            <type>bool</type>
            <tensorRank>scalar</tensorRank>
            <description>Include settlement Date flows?</description>
          </Parameter>
        </Parameters>
      </ParameterList>
    </Constructor>
	
    <Constructor name='qlIsdaCdsEngine'>
      <libraryFunction>IsdaCdsEngine</libraryFunction>
      <SupportedPlatforms>
        <!--SupportedPlatform name='Excel' calcInWizard='false'/-->
        <SupportedPlatform name='Excel'/>
        <SupportedPlatform name='Calc'/>
        <SupportedPlatform name='Cpp'/>
      </SupportedPlatforms>
      <ParameterList>
        <Parameters>
          <Parameter name='DefaultCurve'>
            <type>QuantLib::DefaultProbabilityTermStructure</type>
            <superType>libToHandle</superType>
            <tensorRank>scalar</tensorRank>
            <description>default term structure object ID.</description>
          </Parameter>
          <Parameter name='RecoveryRate'>
            <type>QuantLib::Real</type>
            <tensorRank>scalar</tensorRank>
            <description>constant recovery rate</description>
          </Parameter>
          <Parameter name='YieldCurve'>
            <type>QuantLib::YieldTermStructure</type>
            <superType>libToHandle</superType>
            <tensorRank>scalar</tensorRank>
            <description>discounting yield term structure object ID.</description>
          </Parameter>
          <Parameter name='IncludeSettlementDateFlows'>
            <type>bool</type>
            <tensorRank>scalar</tensorRank>
            <description>Include settlement Date flows?</description>
          </Parameter>
          <Parameter name='NumericalFix' default='"Taylor"'>
            <type>QuantLib::IsdaCdsEngine::NumericalFix</type>
            <tensorRank>scalar</tensorRank>
            <description>Numerical  Fix (None or Taylor)</description>
          </Parameter>
          <Parameter name='AccrualBias' default='"HalfDayBias"'>
            <type>QuantLib::IsdaCdsEngine::AccrualBias</type>
            <tensorRank>scalar</tensorRank>
            <description>Accrual Bias (HalfDayBias or NoBias )</description>
          </Parameter>
          <Parameter name='ForwardsInCouponPeriod' default='"Piecewise"'>
            <type>QuantLib::IsdaCdsEngine::ForwardsInCouponPeriod</type>
            <tensorRank>scalar</tensorRank>
            <description>Forwards in Coupon Period (Flat or Piecewise)</description>
          </Parameter>
        </Parameters>
      </ParameterList>
    </Constructor>	

    <Constructor name='qlHazardRateCurve'>
      <description>Creates a backward flat interpolated hazard rate curve.</description>
      <libraryFunction>HazardRateCurve</libraryFunction>
      <SupportedPlatforms>
        <!--SupportedPlatform name='Excel' calcInWizard='false'/-->
        <SupportedPlatform name='Excel'/>
        <SupportedPlatform name='Calc'/>
        <SupportedPlatform name='Cpp'/>
      </SupportedPlatforms>
      <ParameterList>
        <Parameters>
          <Parameter name='CurveDates' exampleValue ="'2M,3M,4M,5M,6M">
            <type>QuantLib::Date</type>
            <tensorRank>vector</tensorRank>
            <description>dates of the curve. First date corresponds to a survival probability of one.</description>
          </Parameter>
          <Parameter name='CurveRates' exampleValue ='0.02,0.02,0.02,0.02,0.02'>
            <type>QuantLib::Rate</type>
            <tensorRank>vector</tensorRank>
            <description>hazard rates for the above dates.</description>
          </Parameter>
          <Parameter name='DayCounter' default='"Actual/365 (Fixed)"'>
            <type>QuantLib::DayCounter</type>
            <tensorRank>scalar</tensorRank>
            <description>DayCounter ID.</description>
          </Parameter>
        </Parameters>
      </ParameterList>
    </Constructor>

    <Constructor name='qlSpreadCdsHelper'>
      <libraryFunction>SpreadCdsHelper</libraryFunction>
      <SupportedPlatforms>
        <!--SupportedPlatform name='Excel' calcInWizard='false'/-->
        <SupportedPlatform name='Excel'/>
        <SupportedPlatform name='Calc'/>
        <SupportedPlatform name='Cpp'/>
      </SupportedPlatforms>
      <ParameterList>
        <Parameters>
          <Parameter name='RunningSpread' exampleValue='0.042322'>
            <type>QuantLib::Quote</type>
            <superType>libToHandle</superType>
            <tensorRank>scalar</tensorRank>
            <description>quote.</description>
          </Parameter>
          <Parameter name='Tenor' exampleValue='10Y'>
            <type>QuantLib::Period</type>
            <tensorRank>scalar</tensorRank>
            <description>CDS length (e.g. 5Y for five years).</description>
          </Parameter>
          <Parameter name='SettlementDays' default='0'>
            <type>QuantLib::Natural</type>
            <tensorRank>scalar</tensorRank>
            <description>settlement days</description>
          </Parameter>
          <Parameter name='Calendar' exampleValue='TARGET'>
            <type>QuantLib::Calendar</type>
            <tensorRank>scalar</tensorRank>
            <description>holiday calendar (e.g. TARGET).</description>
          </Parameter>
          <Parameter name='Frequency' exampleValue='Annual'>
            <type>QuantLib::Frequency</type>
            <tensorRank>scalar</tensorRank>
            <description>payment frequency (e.g. Annual, Semiannual, Every4Month, Quarterly, Bimonthly, Monthly).</description>
          </Parameter>
          <Parameter name='PayConv' exampleValue='ModifiedFollowing'>
            <type>QuantLib::BusinessDayConvention</type>
            <tensorRank>scalar</tensorRank>
            <description>payment leg convention (e.g. Unadjusted).</description>
          </Parameter>
          <Parameter name='GenRule' exampleValue='Backward'>
            <type>QuantLib::DateGeneration::Rule</type>
            <tensorRank>scalar</tensorRank>
            <description>Date generation rule (Backward, Forward, ThirdWednesday, Twentieth, TwentiethIMM, Zero).</description>
          </Parameter>
          <Parameter name='DayCounter' exampleValue='Actual/360'>
            <type>QuantLib::DayCounter</type>
            <tensorRank>scalar</tensorRank>
            <description>day counter (e.g. Actual/360).</description>
          </Parameter>
          <Parameter name='RecRate'>
            <type>QuantLib::Real</type>
            <tensorRank>scalar</tensorRank>
            <description>recovery rate</description>
          </Parameter>
          <Parameter name='DiscCurve'>
            <type>QuantLib::YieldTermStructure</type>
            <superType>libToHandle</superType>
            <tensorRank>scalar</tensorRank>
            <description>discounting YieldTermStructure object ID.</description>
          </Parameter>
          <Parameter name='SettleAccrual' const='False' default='true'>
            <type>bool</type>
            <tensorRank>scalar</tensorRank>
            <description>TRUE ensures settlement of accural.</description>
          </Parameter>
          <Parameter name='PayAtDefault' const='False' default='true'>
            <type>bool</type>
            <tensorRank>scalar</tensorRank>
            <description>TRUE ensures payment at default time</description>
          </Parameter>

          <Parameter name='StartDt' default='QuantLib::Date()'>
            <type>QuantLib::Date</type>
            <tensorRank>scalar</tensorRank>
            <description>tart date.</description>
          </Parameter>
          <Parameter name='LastPerDC'>
            <type>QuantLib::DayCounter</type>
            <tensorRank>scalar</tensorRank>
            <description>premium leg day counter for the last period(e.g. Actual/360).</description>
          </Parameter>		  
          <Parameter name='RebatesAccr' default='true'>
            <type>bool</type>
            <tensorRank>scalar</tensorRank>
            <description>Seller pays the first accrued coupon up to trade.</description>
          </Parameter>
		  <Parameter name='PricingModel' default='"Midpoint"'>
            <type>QuantLib::CreditDefaultSwap::PricingModel</type>
            <tensorRank>scalar</tensorRank>
            <description>Pricing Model (Midpoint, ISDA, Integral, Endpoint.</description>
        </Parameter>
		  <Parameter name='CSDays' default='3'>
            <type>QuantLib::Natural</type>
            <tensorRank>scalar</tensorRank>
            <description>Cash Settlement Days.</description>
        </Parameter>
		  <Parameter name='CPLDays' default='0'>
            <type>QuantLib::Natural</type>
            <tensorRank>scalar</tensorRank>
            <description>Cash Settlement Days. FIXME...is this needed in practise?</description>
        </Parameter>		  
        </Parameters>
      </ParameterList>
    </Constructor>
	
	<Constructor name='qlSpreadCdsHelperCDS'>
      <libraryFunction>CreditDefaultSwap</libraryFunction>
      <SupportedPlatforms>
        <!--SupportedPlatform name='Excel' calcInWizard='false'/-->
        <SupportedPlatform name='Excel'/>
        <SupportedPlatform name='Cpp'/>
      </SupportedPlatforms>
      <ParameterList>
        <Parameters>
          <Parameter name='SpreadCdsHelper'>
            <type>QuantLib::SpreadCdsHelper</type>
            <tensorRank>scalar</tensorRank>
            <description>SpreadCdsHelper object ID.</description>
          </Parameter>
        </Parameters>
      </ParameterList>
    </Constructor>

    <Constructor name='qlUpfrontCdsHelper'>
      <libraryFunction>UpfrontCdsHelper</libraryFunction>
      <SupportedPlatforms>
        <!--SupportedPlatform name='Excel' calcInWizard='false'/-->
        <SupportedPlatform name='Excel'/>
        <SupportedPlatform name='Calc'/>
      </SupportedPlatforms>
      <ParameterList>
        <Parameters>
          <Parameter name='UpfrontSpread' exampleValue='0.042322'>
            <type>QuantLib::Quote</type>
            <superType>libToHandle</superType>
            <tensorRank>scalar</tensorRank>
            <description>upfront spread quote.</description>
          </Parameter>
          <Parameter name='RunningSpread' exampleValue='0.042322'>
            <type>QuantLib::Rate</type>
            <tensorRank>scalar</tensorRank>
            <description>running spread.</description>
          </Parameter>
          <Parameter name='Tenor' exampleValue='10Y'>
            <type>QuantLib::Period</type>
            <tensorRank>scalar</tensorRank>
            <description>CDS length (e.g. 5Y for five years).</description>
          </Parameter>
          <Parameter name='SettlementDays' default='0'>
            <type>QuantLib::Natural</type>
            <tensorRank>scalar</tensorRank>
            <description>settlement days</description>
          </Parameter>
          <Parameter name='Calendar' exampleValue='TARGET'>
            <type>QuantLib::Calendar</type>
            <tensorRank>scalar</tensorRank>
            <description>holiday calendar (e.g. TARGET).</description>
          </Parameter>
          <Parameter name='Frequency' exampleValue='Annual'>
            <type>QuantLib::Frequency</type>
            <tensorRank>scalar</tensorRank>
            <description>payment frequency (e.g. Annual, Semiannual, Every4Month, Quarterly, Bimonthly, Monthly).</description>
          </Parameter>
          <Parameter name='PaymentConvention' exampleValue='ModifiedFollowing'>
            <type>QuantLib::BusinessDayConvention</type>
            <tensorRank>scalar</tensorRank>
            <description>payment leg convention (e.g. Unadjusted).</description>
          </Parameter>
          <Parameter name='GenRule' exampleValue='Backward'>
            <type>QuantLib::DateGeneration::Rule</type>
            <tensorRank>scalar</tensorRank>
            <description>Date generation rule (Backward, Forward, ThirdWednesday, Twentieth, TwentiethIMM, Zero).</description>
          </Parameter>
          <Parameter name='DayCounter' exampleValue='30/360 (Bond Basis)'>
            <type>QuantLib::DayCounter</type>
            <tensorRank>scalar</tensorRank>
            <description>day counter (e.g. Actual/360).</description>
          </Parameter>
          <Parameter name='RecRate'>
            <type>QuantLib::Real</type>
            <tensorRank>scalar</tensorRank>
            <description>recovery rate</description>
          </Parameter>
          <Parameter name='DiscCurve'>
            <type>QuantLib::YieldTermStructure</type>
            <superType>libToHandle</superType>
            <tensorRank>scalar</tensorRank>
            <description>discounting YieldTermStructure object ID.</description>
          </Parameter>
          <Parameter name='UpfSettlDays'>
            <type>QuantLib::Natural</type>
            <tensorRank>scalar</tensorRank>
            <description>upfront settlement days</description>
          </Parameter>
          <Parameter name='SettlAccr' const='False' default='true'>
            <type>bool</type>
            <tensorRank>scalar</tensorRank>
            <description>TRUE ensures settlement of accural.</description>
          </Parameter>
          <Parameter name='PayAtDefault' const='False' default='true'>
            <type>bool</type>
            <tensorRank>scalar</tensorRank>
            <description>TRUE ensures payment at default time</description>
          </Parameter>
        </Parameters>
      </ParameterList>
    </Constructor>

    <Member name='qlCdsCouponLegNPV' type='QuantLib::CreditDefaultSwap'>
      <description>Returns the CL NPV.</description>
      <libraryFunction>couponLegNPV</libraryFunction>
      <SupportedPlatforms>
        <SupportedPlatform name='Excel'/>
        <!--SupportedPlatform name='Cpp'/-->
      </SupportedPlatforms>
      <ParameterList>
        <Parameters/>
      </ParameterList>
      <ReturnValue>
        <type>QuantLib::Real</type>
        <tensorRank>scalar</tensorRank>
        <description>Coupon leg NPV</description>
      </ReturnValue>
    </Member>

    <Member name='qlCdsDefaultLegNPV' type='QuantLib::CreditDefaultSwap'>
      <description>Returns the DL NPV.</description>
      <libraryFunction>defaultLegNPV</libraryFunction>
      <SupportedPlatforms>
        <SupportedPlatform name='Excel'/>
        <!--SupportedPlatform name='Cpp'/-->
      </SupportedPlatforms>
      <ParameterList>
        <Parameters/>
      </ParameterList>
      <ReturnValue>
        <type>QuantLib::Real</type>
        <tensorRank>scalar</tensorRank>
        <description>Default leg NPV</description>
      </ReturnValue>
    </Member>


    <Member name='qlCdsFairSpread' type='QuantLib::CreditDefaultSwap'>
      <description>Returns the running spread that, given the quoted recovery rate, will make the running-only CDS have an NPV of 0.</description>
      <libraryFunction>fairSpread</libraryFunction>
      <SupportedPlatforms>
        <SupportedPlatform name='Excel'/>
        <!--SupportedPlatform name='Cpp'/-->
      </SupportedPlatforms>
      <ParameterList>
        <Parameters/>
      </ParameterList>
      <ReturnValue>
        <type>QuantLib::Rate</type>
        <tensorRank>scalar</tensorRank>
        <description>fair spread.</description>
      </ReturnValue>
    </Member>

    <Member name='qlCdsFairUpfront' type='QuantLib::CreditDefaultSwap'>
      <description>Returns the upfront spread that, given the running spread and the quoted recovery rate, will make the instrument have an NPV of 0.</description>
      <libraryFunction>fairUpfront</libraryFunction>
      <SupportedPlatforms>
        <SupportedPlatform name='Excel'/>
        <!--SupportedPlatform name='Cpp'/-->
      </SupportedPlatforms>
      <ParameterList>
        <Parameters/>
      </ParameterList>
      <ReturnValue>
        <type>QuantLib::Rate</type>
        <tensorRank>scalar</tensorRank>
        <description>fair upfront.</description>
      </ReturnValue>
    </Member>

    <Constructor name='qlPiecewiseHazardRateCurve'>
      <libraryFunction>PiecewiseHazardRateCurve</libraryFunction>
      <SupportedPlatforms>
        <!--SupportedPlatform name='Excel' calcInWizard='false'/-->
        <SupportedPlatform name='Excel'/>
	<SupportedPlatform name='Calc'/>
        <SupportedPlatform name='Cpp'/>
      </SupportedPlatforms>
      <ParameterList>
        <Parameters>
          <!-- relative date now
          <Parameter name='ReferenceDate' default='QuantLib::Date()'>
            <type>QuantLib::Date</type>
            <tensorRank>scalar</tensorRank>
            <description>term structure reference date.</description>
          </Parameter>
          -->
          <Parameter name='Helpers' exampleValue ='CDS1Y, CDS5Y, CDS10Y'>
            <type>QuantLib::DefaultProbabilityHelper</type>
            <tensorRank>vector</tensorRank>
            <description>vector of default probability helpers.</description>
          </Parameter>
          <Parameter name='DayCounter' default='"Actual/365 (Fixed)"'>
            <type>QuantLib::DayCounter</type>
            <tensorRank>scalar</tensorRank>
            <description>DayCounter ID.</description>
          </Parameter>
          <Parameter name='Calendar' exampleValue='TARGET'>
            <type>QuantLib::Calendar</type>
            <tensorRank>scalar</tensorRank>
            <description>holiday calendar (e.g. TARGET).</description>
          </Parameter>
          <Parameter name='Interpolation' exampleValue='LINEAR, BACKWARDFLAT'>
            <type>string</type>
            <tensorRank>scalar</tensorRank>
            <description>The interpolator for hazard rates.</description>
          </Parameter>
          <Parameter name='Accuracy' default='1.0e-12'>
            <type>QuantLib::Real</type>
            <tensorRank>scalar</tensorRank>
            <description>Bootstrapping accuracy.</description>
          </Parameter>
        </Parameters>
      </ParameterList>
    </Constructor>

    <!--Avoids the template in library:-->
    <Member name='qlHRDates' type='QuantLibAddin::PiecewiseHazardRateCurve'>
      <description>Dates on which the hazard rate interpolation is performed.</description>
      <libraryFunction>dates</libraryFunction>
      <SupportedPlatforms>
        <SupportedPlatform name='Excel'/>
      </SupportedPlatforms>
      <ParameterList>
        <Parameters>
        </Parameters>
      </ParameterList>
      <ReturnValue>
        <type>QuantLib::Date</type>
        <tensorRank>vector</tensorRank>
      </ReturnValue>
    </Member>
    
    <Member name='qlHRates' type='QuantLibAddin::PiecewiseHazardRateCurve'>
      <description>Dates on which the hazard rate interpolation is performed.</description>
      <libraryFunction>data</libraryFunction>
      <SupportedPlatforms>
        <SupportedPlatform name='Excel'/>
      </SupportedPlatforms>
      <ParameterList>
        <Parameters>
        </Parameters>
      </ParameterList>
      <ReturnValue>
        <type>QuantLib::Real</type>
        <tensorRank>vector</tensorRank>
      </ReturnValue>
    </Member>

    <Member name='qlHRSurvivalProbability' type='QuantLibAddin::PiecewiseHazardRateCurve'>
      <description>Dates on which the hazard rate interpolation is performed.</description>
      <libraryFunction>survivalProbability</libraryFunction>
      <SupportedPlatforms>
        <SupportedPlatform name='Excel'/>
      </SupportedPlatforms>
      <ParameterList>
        <Parameters>
          <Parameter name='Date'>
            <type>QuantLib::Date</type>
            <tensorRank>scalar</tensorRank>
            <description>Date.</description>
          </Parameter>
          <Parameter name='Extrapolation'>
            <type>bool</type>
            <tensorRank>scalar</tensorRank>
            <description>Allow Extrapolation?</description>
          </Parameter>
		</Parameters>
      </ParameterList>
      <ReturnValue>
        <type>QuantLib::Probability</type>
        <tensorRank>scalar</tensorRank>
      </ReturnValue>
    </Member>

    <Constructor name='qlPiecewiseFlatForwardCurve'>
      <libraryFunction>PiecewiseFlatForwardCurve</libraryFunction>
      <SupportedPlatforms>
        <!--SupportedPlatform name='Excel' calcInWizard='false'/-->
        <SupportedPlatform name='Excel'/>
	      <SupportedPlatform name='Calc'/>
        <SupportedPlatform name='Cpp'/>
      </SupportedPlatforms>
      <ParameterList>
        <Parameters>
          <Parameter name='ReferenceDate' default='QuantLib::Date()'>
            <type>QuantLib::Date</type>
            <tensorRank>scalar</tensorRank>
            <description>term structure reference date.</description>
          </Parameter>
          <Parameter name='RateHelpers' exampleValue ='EUROND,EURTND,EURSND,EURSWD,EUR2WD'>
            <type>QuantLib::RateHelper</type>
            <tensorRank>vector</tensorRank>
            <description>vector of rate-helpers.</description>
          </Parameter>
          <Parameter name='DayCounter' default='"Actual/365 (Fixed)"'>
            <type>QuantLib::DayCounter</type>
            <tensorRank>scalar</tensorRank>
            <description>DayCounter ID.</description>
          </Parameter>
          <Parameter name='Accuracy' default='1.0e-12'>
            <type>QuantLib::Real</type>
            <tensorRank>scalar</tensorRank>
            <description>Bootstrapping accuracy.</description>
          </Parameter>
        </Parameters>
      </ParameterList>
    </Constructor>

    <!-- Limited by now to one curve/event_type pair and one default event-->
    <Constructor name='qlIssuer'>
      <libraryFunction>Issuer</libraryFunction>
      <SupportedPlatforms>
        <SupportedPlatform name='Excel' calcInWizard='false'/>
        <SupportedPlatform name='Cpp'/>
      </SupportedPlatforms>
      <ParameterList>
        <Parameters>
          <Parameter name='DefaultCurves' default='""'>
            <type>QuantLib::DefaultProbabilityTermStructure</type>
            <superType>libraryClass</superType>
            <superType>libraryTermStructure</superType>
            <tensorRank>scalar</tensorRank>
            <description>Default probability curve. By now it is associated to SeniorSec, EUR and NorthAmericaCorpDefaultKey</description>
          </Parameter>
          <Parameter name='DefaultEvents'>
            <type>QuantLib::DefaultEventSet</type>
            <tensorRank>scalar</tensorRank>
            <description>Credit events affecting this issuer.</description>
          </Parameter>
        </Parameters>
      </ParameterList>
    </Constructor>

    <Constructor name='qlDefaultEvent'>
      <libraryFunction>DefaultEventSet</libraryFunction>
      <SupportedPlatforms>
        <SupportedPlatform name='Excel' calcInWizard='false'/>
        <SupportedPlatform name='Cpp'/>
      </SupportedPlatforms>
      <ParameterList>
        <Parameters>
          <Parameter name='EventType' 
                     exampleValue='FailureToPayEvent, BankruptcyEvent'
                     default='"NONE"'>
            <type>string</type>
            <tensorRank>scalar</tensorRank>
            <description>The type of default event.</description>
          </Parameter>
          <Parameter name='EventDate' default='QuantLib::Date()'>
            <type>QuantLib::Date</type>
            <tensorRank>scalar</tensorRank>
            <description>Event date.</description>
          </Parameter>
          <Parameter name='Currency' default='"Currency"'>
            <type>QuantLib::Currency</type>
            <tensorRank>scalar</tensorRank>
            <description>Curency of the reference bond affected.</description>
          </Parameter>
          <Parameter name='Seniority' exampleValue='SeniorSec' 
                     default='"NoSeniority"'>
            <type>QuantLib::Seniority</type>
            <tensorRank>scalar</tensorRank>
            <description>Seniority of the bond affected.</description>
          </Parameter>
          <Parameter name='SettlementDate' default='QuantLib::Date()'>
            <type>QuantLib::Date</type>
            <tensorRank>scalar</tensorRank>
            <description>Event settlement date.</description>
          </Parameter>
          <Parameter name='SettledRecovery' default='0.0'>
            <type>double</type>
            <tensorRank>scalar</tensorRank>
            <description>Event settlement recovery rate.</description>
          </Parameter>
        </Parameters>
      </ParameterList>
    </Constructor>




    <Constructor name='qlSyntheticCDO'>
      <libraryFunction>SyntheticCDO</libraryFunction>
      <SupportedPlatforms>
        <SupportedPlatform name='Excel'/>
        <SupportedPlatform name='Cpp'/>
      </SupportedPlatforms>
      <ParameterList>
        <Parameters>
          <Parameter name='Basket'>
            <type>QuantLib::Basket</type>
            <tensorRank>scalar</tensorRank>
            <description>Underlying tranched portfolio.</description>
          </Parameter>
          <Parameter name='BuyerSeller' default='"Buyer"'>
            <type>QuantLib::Protection::Side</type>
            <tensorRank>scalar</tensorRank>
            <description>BUYER for bought, SELLER for sold protection.</description>
          </Parameter>
          <Parameter name='PremiumSchedule'>
            <type>QuantLib::Schedule</type>
            <superType>libraryClass</superType>
            <tensorRank>scalar</tensorRank>
            <description>premium leg Schedule object ID.</description>
          </Parameter>
          <Parameter name='Upfront'>
            <type>QuantLib::Rate</type>
            <tensorRank>scalar</tensorRank>
            <description>upfront in fractional units</description>
          </Parameter>
          <Parameter name='Spread'>
            <type>QuantLib::Rate</type>
            <tensorRank>scalar</tensorRank>
            <description>running spread in fractional units</description>
          </Parameter>
          <Parameter name='DayCounter' exampleValue='Actual/360'>
            <type>QuantLib::DayCounter</type>
            <tensorRank>scalar</tensorRank>
            <description>premium leg day counter (e.g. Actual/360).</description>
          </Parameter>
          <Parameter name='PaymentConvention' default='"Following"'>
            <type>QuantLib::BusinessDayConvention</type>
            <tensorRank>scalar</tensorRank>
            <description>Payment dates' business day convention.</description>
          </Parameter>
          <!--LEVERAGE: <Parameter name='Notional'>
            <type>QuantLib::Real</type>
            <tensorRank>scalar</tensorRank>
            <description>Nominal amount</description>
          </Parameter>-->
        </Parameters>
      </ParameterList>
    </Constructor>


    <Constructor name='qlMidPointCDOEngine'>
      <libraryFunction>MidPointCDOEngine</libraryFunction>
      <SupportedPlatforms>
        <SupportedPlatform name='Excel'/>
        <SupportedPlatform name='Cpp'/>
      </SupportedPlatforms>
      <ParameterList>
        <Parameters>
          <Parameter name='YieldCurve'>
            <type>QuantLib::YieldTermStructure</type>
            <superType>libToHandle</superType>
            <tensorRank>scalar</tensorRank>
            <description>discounting yield term structure object ID.</description>
          </Parameter>
        </Parameters>
      </ParameterList>
    </Constructor>


    <Constructor name='qlNthToDefault'>
      <libraryFunction>NthToDefault</libraryFunction>
      <SupportedPlatforms>
        <SupportedPlatform name='Excel'/>
        <SupportedPlatform name='Cpp'/>
      </SupportedPlatforms>
      <ParameterList>
        <Parameters>
          <Parameter name='Basket'>
            <type>QuantLib::Basket</type>
            <tensorRank>scalar</tensorRank>
            <description>Underlying tranched portfolio.</description>
          </Parameter>
          <Parameter name='Order'>
            <type>QuantLib::Size</type>
            <tensorRank>scalar</tensorRank>
            <description>Contract default order.</description>
          </Parameter>
          <Parameter name='BuyerSeller' default='"Buyer"'>
            <type>QuantLib::Protection::Side</type>
            <tensorRank>scalar</tensorRank>
            <description>BUYER for bought, SELLER for sold protection.</description>
          </Parameter>
          <Parameter name='PremiumSchedule'>
            <type>QuantLib::Schedule</type>
            <superType>libraryClass</superType>
            <tensorRank>scalar</tensorRank>
            <description>premium leg Schedule object ID.</description>
          </Parameter>
          <Parameter name='Upfront'>
            <type>QuantLib::Rate</type>
            <tensorRank>scalar</tensorRank>
            <description>upfront in fractional units</description>
          </Parameter>
          <Parameter name='Spread'>
            <type>QuantLib::Rate</type>
            <tensorRank>scalar</tensorRank>
            <description>running spread in fractional units</description>
          </Parameter>
          <Parameter name='DayCounter' exampleValue='Actual/360'>
            <type>QuantLib::DayCounter</type>
            <tensorRank>scalar</tensorRank>
            <description>premium leg day counter (e.g. Actual/360).</description>
          </Parameter>
          <!--<Parameter name='PaymentConvention' default='"Following"'>
            <type>QuantLib::BusinessDayConvention</type>
            <tensorRank>scalar</tensorRank>
            <description>Payment dates' business day convention.</description>
          </Parameter>-->
          <Parameter name='Notional'>
            <type>QuantLib::Real</type>
            <tensorRank>scalar</tensorRank>
            <description>Nominal amount</description>
          </Parameter>
          <Parameter name='SettlesAccrual'>
            <type>bool</type>
            <tensorRank>scalar</tensorRank>
            <description>Accrual settled at default.</description>
          </Parameter>
        </Parameters>
      </ParameterList>
    </Constructor>


    <Constructor name='qlIntegralNtdEngine'>
      <libraryFunction>IntegralNtdEngine</libraryFunction>
      <SupportedPlatforms>
        <SupportedPlatform name='Excel'/>
        <SupportedPlatform name='Cpp'/>
      </SupportedPlatforms>
      <ParameterList>
        <Parameters>
          <Parameter name='IntegrationStep' exampleValue='3M'>
            <type>QuantLib::Period</type>
            <tensorRank>scalar</tensorRank>
            <description>Integration step period.</description>
          </Parameter>
          <Parameter name='YieldCurve'>
            <type>QuantLib::YieldTermStructure</type>
            <superType>libToHandle</superType>
            <tensorRank>scalar</tensorRank>
            <description>discounting yield term structure object ID.</description>
          </Parameter>
        </Parameters>
      </ParameterList>
    </Constructor>


    <Constructor name='qlBlackCdsOptionEngine'>
      <libraryFunction>BlackCdsOptionEngine</libraryFunction>
      <SupportedPlatforms>
        <!--SupportedPlatform name='Excel' calcInWizard='false'/-->
        <SupportedPlatform name='Excel'/>
        <SupportedPlatform name='Calc'/>
        <SupportedPlatform name='Cpp'/>
      </SupportedPlatforms>
      <ParameterList>
        <Parameters>
          <Parameter name='DefaultCurve'>
            <type>QuantLib::DefaultProbabilityTermStructure</type>
            <superType>libToHandle</superType>
            <tensorRank>scalar</tensorRank>
            <description>default term structure object ID.</description>
          </Parameter>
          <Parameter name='RecoveryRate'>
            <type>QuantLib::Real</type>
            <tensorRank>scalar</tensorRank>
            <description>constant recovery rate</description>
          </Parameter>
          <Parameter name='YieldCurve'>
            <type>QuantLib::YieldTermStructure</type>
            <superType>libToHandle</superType>
            <tensorRank>scalar</tensorRank>
            <description>discounting yield term structure object ID.</description>
          </Parameter>
          <Parameter name='BlackVol' >
            <type>QuantLib::Quote</type>
            <superType>libToHandle</superType>
            <tensorRank>scalar</tensorRank>
            <description>Black Volatility.</description>
          </Parameter>
        </Parameters>
      </ParameterList>
    </Constructor>

    
    <Constructor name='qlCDSOption'>
      <libraryFunction>CdsOption</libraryFunction>
      <SupportedPlatforms>
        <SupportedPlatform name='Excel'/>
        <SupportedPlatform name='Calc'/>
      </SupportedPlatforms>
      <ParameterList>
        <Parameters>
          <Parameter name='UnderlyingCDS'>
            <type>QuantLib::CreditDefaultSwap</type>
            <tensorRank>scalar</tensorRank>
            <description>The CDS underlying the option.</description>
          </Parameter>
          <Parameter name='Exercise'>
            <type>QuantLib::Exercise</type>
            <tensorRank>scalar</tensorRank>
            <description>Exercise object ID.</description>
          </Parameter>
        </Parameters>
      </ParameterList>
    </Constructor>

    <Member name='qlCdsOptionImpliedVol' type='QuantLib::CdsOption'>
      <description>Implied black CDS option volatility.</description>
      <libraryFunction>impliedVolatility</libraryFunction>
      <SupportedPlatforms>
        <SupportedPlatform name='Excel' calcInWizard='false'/>
      </SupportedPlatforms>
      <ParameterList>
        <Parameters>
          <Parameter name='Price'>
            <type>QuantLib::Real</type>
            <tensorRank>scalar</tensorRank>
            <description>Market price.</description>
          </Parameter>
          <Parameter name='YieldCurve'>
            <type>QuantLib::YieldTermStructure</type>
            <superType>libToHandle</superType>
            <tensorRank>scalar</tensorRank>
            <description>discounting yield term structure object ID.</description>
          </Parameter>
          <Parameter name='DefaultCurve'>
            <type>QuantLib::DefaultProbabilityTermStructure</type>
            <superType>libToHandle</superType>
            <tensorRank>scalar</tensorRank>
            <description>default term structure object ID.</description>
          </Parameter>
          <Parameter name='RecoveryRate'>
            <type>QuantLib::Real</type>
            <tensorRank>scalar</tensorRank>
            <description>constant recovery rate</description>
          </Parameter>
        </Parameters>
      </ParameterList>
      <ReturnValue>
        <type>QuantLib::Volatility</type>
        <tensorRank>scalar</tensorRank>
        <description>Implied volatility.</description>
      </ReturnValue>
    </Member>
    
    <!-- Move to term structures file?-->
    <Constructor name='qlBaseCorrelationTermStructure'>
      <libraryFunction>BaseCorrelationTermStructure</libraryFunction>
      <SupportedPlatforms>
        <SupportedPlatform name='Excel' calcInWizard='false'/>
        <SupportedPlatform name='Cpp'/>
      </SupportedPlatforms>
      <ParameterList>
        <Parameters>

          <Parameter name='InterpolatorType' exampleValue='BILIN, BICUBIC'>
            <type>string</type>
            <tensorRank>scalar</tensorRank>
            <description>The bidimensional interpolation policy over the correlation surface.</description>
          </Parameter>
          <Parameter name='SettlementDays'>
            <type>QuantLib::Size</type>
            <tensorRank>scalar</tensorRank>
            <description>Number of settlement days.</description>
          </Parameter>
          <Parameter name='Calendar'>
            <type>QuantLib::Calendar</type>
            <tensorRank>scalar</tensorRank>
            <description>Calendar.</description>
          </Parameter>
          <Parameter name='Convention' exampleValue='ModifiedFollowing'>
            <type>QuantLib::BusinessDayConvention</type>
            <tensorRank>scalar</tensorRank>
            <description>Time convention.</description>
          </Parameter>
          <Parameter name='Tenors'>
            <type>QuantLib::Period</type>
            <tensorRank>vector</tensorRank>
            <description>Surface tenors</description>
          </Parameter>
          <Parameter name='LossLevel'>
            <type>QuantLib::Real</type>
            <tensorRank>vector</tensorRank>
            <description>Surface loss levels as a fraction of the underlying portfolio.</description>
          </Parameter>
          <Parameter name='Correlations'>
            <type>QuantLib::Quote</type>
            <superType>libToHandle</superType>
            <tensorRank>matrix</tensorRank>
            <description>Correlation quotes.</description>
          </Parameter>
          <Parameter name='DayCounter' default='"Actual/365 (Fixed)"'>
            <type>QuantLib::DayCounter</type>
            <tensorRank>scalar</tensorRank>
            <description>DayCounter ID.</description>
          </Parameter>

        </Parameters>
      </ParameterList>
    </Constructor>

    <Member name='qlBaseCorrelationValue' type='QuantLibAddin::BaseCorrelationTermStructure' superType='objectClass'>
      <description>Returns the interpolated base correlation value.</description>
      <libraryFunction>correlation</libraryFunction>
      <SupportedPlatforms>
        <SupportedPlatform name='Excel' calcInWizard='false'/>
      </SupportedPlatforms>
      <ParameterList>
        <Parameters>
          <Parameter name='Date'>
            <type>QuantLib::Date</type>
            <tensorRank>scalar</tensorRank>
            <description>Interpolation date.</description>
          </Parameter>
          <Parameter name='LossLevel'>
            <type>QuantLib::Real</type>
            <tensorRank>scalar</tensorRank>
            <description>Interpolation loss level.</description>
          </Parameter>
        </Parameters>
      </ParameterList>
      <ReturnValue>
        <type>QuantLib::Real</type>
        <tensorRank>scalar</tensorRank>
      </ReturnValue>
    </Member>


  </Functions>

</Category>
