<Category name='oibasisswap'>
  <description>functions to construct and use OvernightIndexedBasisSwap objects.</description>
  <displayName>OvernightIndexed Basis Swap</displayName>
  <xlFunctionWizardCategory>QuantLib - Financial</xlFunctionWizardCategory>
  <serializationIncludes>
    <include>qlo/oibasisswap.hpp</include>
    <include>qlo/indexes/iborindex.hpp</include>
    <include>qlo/schedule.hpp</include>
    <include>qlo/pricingengines.hpp</include>
    <include>qlo/termstructures.hpp</include>

    <include>ql/indexes/iborindex.hpp</include>
    <include>ql/termstructures/yield/ratehelpers.hpp</include>
  </serializationIncludes>
  <addinIncludes>
    <include>qlo/oibasisswap.hpp</include>
    <include>qlo/indexes/iborindex.hpp</include>
    <include>qlo/schedule.hpp</include>
    <include>qlo/pricingengines.hpp</include>
    <include>qlo/termstructures.hpp</include>

    <include>ql/indexes/iborindex.hpp</include>
    <include>ql/termstructures/yield/ratehelpers.hpp</include>
  </addinIncludes>
  <copyright>
    Copyright (C) 2006, 2007, 2011, 2015 Ferdinando Ametrano
    Copyright (C) 2005, 2006 Eric Ehlers
    Copyright (C) 2005 Plamen Neykov
    Copyright (C) 2005 Aurelien Chanudet
  </copyright>
  <Functions>
    <!--SH ADD 2023-07-26-->
	<Constructor name='qlOvernightIndexedCrossCcyBasisSwap'>
      <libraryFunction>OvernightIndexedCrossCcyBasisSwap</libraryFunction>
      <SupportedPlatforms>
        <!--SupportedPlatform name='Excel' calcInWizard='false'/-->
        <SupportedPlatform name='Excel'/>
		<SupportedPlatform name='Calc'/>
		<SupportedPlatform name='Cpp'/>
      </SupportedPlatforms>
<!--     <processorName>InstrumentProcessor</processorName>/-->
      <ParameterList>
        <Parameters>
          <Parameter name='PaySideNominal' default='100'>
            <type>QuantLib::Real</type>
            <tensorRank>scalar</tensorRank>
            <description>Notional Amount on Pay Side.</description>
          </Parameter>
          <Parameter name='PaySideCurrency' exampleValue='EUR'>
            <type>QuantLib::Currency</type>
            <tensorRank>scalar</tensorRank>
            <description>Pay Side Currency.</description>
          </Parameter>
          <Parameter name='PaySchedule' exampleValue='PayOISSchedule'>
            <type>QuantLib::Schedule</type>
            <superType>libraryClass</superType>
            <tensorRank>scalar</tensorRank>
            <description>long Index Schedule object ID.</description>
           </Parameter>
		   <Parameter name='PayOISIndex'>
            <type>QuantLib::OvernightIndex</type>
            <tensorRank>scalar</tensorRank>
            <description>Pay Side Overnight Index object ID.</description>
          </Parameter>
          <Parameter name='PayOISIndexSpread' default='0.0'>
            <type>QuantLib::Spread</type>
            <tensorRank>scalar</tensorRank>
            <description>pay index leg spread.</description>
          </Parameter>
		  <Parameter name='ReceiveSideNominal' default='100'>
            <type>QuantLib::Real</type>
            <tensorRank>scalar</tensorRank>
            <description>Notional Amount on Receive Side.</description>
          </Parameter>
          <Parameter name='ReceiveSideCurrency' exampleValue='EUR'>
            <type>QuantLib::Currency</type>
            <tensorRank>scalar</tensorRank>
            <description>Receive Side Currency.</description>
          </Parameter>
          <Parameter name='ReceiveSchedule' exampleValue='ReceiveOISSchedule'>
            <type>QuantLib::Schedule</type>
            <superType>libraryClass</superType>
            <tensorRank>scalar</tensorRank>
            <description>long Index Schedule object ID.</description>
           </Parameter>
		   <Parameter name='ReceiveOisIndex'>
            <type>QuantLib::OvernightIndex</type>
            <tensorRank>scalar</tensorRank>
            <description>Receive Side Overnight Index object ID.</description>
          </Parameter>
          <Parameter name='ReceiveOISIndexSpread' default='0.0'>
            <type>QuantLib::Spread</type>
            <tensorRank>scalar</tensorRank>
            <description>Receive index leg spread.</description>
		  </Parameter>		
           <Parameter name='PaymentLag' default='0' >
            <type>QuantLib::Natural</type>
            <tensorRank>scalar</tensorRank>
            <description>Lag between accrual period end and payment date</description>
          </Parameter>
        </Parameters>
      </ParameterList>
    </Constructor>  

	<Constructor name='qlOvernightIndexedBasisSwap'>
      <libraryFunction>OvernightIndexedBasisSwap</libraryFunction>
      <SupportedPlatforms>
        <!--SupportedPlatform name='Excel' calcInWizard='false'/-->
        <SupportedPlatform name='Excel'/>
	<SupportedPlatform name='Calc'/>
	<SupportedPlatform name='Cpp'/>
      </SupportedPlatforms>
      <processorName>InstrumentProcessor</processorName>
      <ParameterList>
        <Parameters>
          <Parameter name='PayerReceiver' default='"Payer"'>
            <type>QuantLib::OvernightIndexedBasisSwap::Type</type>
            <tensorRank>scalar</tensorRank>
            <description>PAYER to pay the ois rate, RECEIVER to receive it.</description>
          </Parameter>
          <Parameter name='Nominal' default='100'>
            <type>QuantLib::Real</type>
            <tensorRank>scalar</tensorRank>
            <description>Notional Amount.</description>
          </Parameter>
          <Parameter name='OISIndexSchedule' exampleValue='OisIndexSchedule'>
            <type>QuantLib::Schedule</type>
            <superType>libraryClass</superType>
            <tensorRank>scalar</tensorRank>
            <description>long Index Schedule object ID.</description>
           </Parameter>
		   <Parameter name='OisIndex'>
            <type>QuantLib::OvernightIndex</type>
            <tensorRank>scalar</tensorRank>
            <description>overnight Index IborIndex object ID.</description>
          </Parameter>
          <Parameter name='IborIndexSchedule' exampleValue='IborIndexSchedule'>
            <type>QuantLib::Schedule</type>
            <superType>libraryClass</superType>
            <tensorRank>scalar</tensorRank>
            <description>short Index Schedule object ID.</description>
           </Parameter>
		   <Parameter name='IborIndex'>
            <type>QuantLib::IborIndex</type>
            <tensorRank>scalar</tensorRank>
            <description>short Index IborIndex object ID.</description>
          </Parameter>
          <Parameter name='OISIndexSpread' default='0.0'>
            <type>QuantLib::Spread</type>
            <tensorRank>scalar</tensorRank>
            <description>short indexleg spread.</description>
          </Parameter>
          <Parameter name='IborIndexSpread' default='0.0'>
            <type>QuantLib::Spread</type>
            <tensorRank>scalar</tensorRank>
            <description>short indexleg spread.</description>
          </Parameter>
        </Parameters>
      </ParameterList>
    </Constructor>

	<Constructor name='qlOvernightIndexedBasisAmortizingSwap'>
      <libraryFunction>OvernightIndexedBasisSwap</libraryFunction>
      <SupportedPlatforms>
        <!--SupportedPlatform name='Excel' calcInWizard='false'/-->
        <SupportedPlatform name='Excel'/>
	<SupportedPlatform name='Calc'/>
	<SupportedPlatform name='Cpp'/>
      </SupportedPlatforms>
      <processorName>InstrumentProcessor</processorName>
      <ParameterList>
        <Parameters>
          <Parameter name='PayerReceiver' default='"Payer"'>
            <type>QuantLib::OvernightIndexedBasisSwap::Type</type>
            <tensorRank>scalar</tensorRank>
            <description>PAYER to pay the ois rate, RECEIVER to receive it.</description>
          </Parameter>
          <Parameter name='Nominal' default='100'>
            <type>QuantLib::Real</type>
            <tensorRank>vector</tensorRank>
            <description>Nominal vector.</description>
          </Parameter>
          <Parameter name='OISIndexSchedule' exampleValue='OisIndexSchedule'>
            <type>QuantLib::Schedule</type>
            <superType>libraryClass</superType>
            <tensorRank>scalar</tensorRank>
            <description>long Index Schedule object ID.</description>
           </Parameter>
		   <Parameter name='OisIndex'>
            <type>QuantLib::OvernightIndex</type>
            <tensorRank>scalar</tensorRank>
            <description>overnight Index IborIndex object ID.</description>
          </Parameter>
          <Parameter name='IborIndexSchedule' exampleValue='IborIndexSchedule'>
            <type>QuantLib::Schedule</type>
            <superType>libraryClass</superType>
            <tensorRank>scalar</tensorRank>
            <description>short Index Schedule object ID.</description>
           </Parameter>
		   <Parameter name='IborIndex'>
            <type>QuantLib::IborIndex</type>
            <tensorRank>scalar</tensorRank>
            <description>short Index IborIndex object ID.</description>
          </Parameter>
          <Parameter name='OISIndexSpread' default='0.0'>
            <type>QuantLib::Spread</type>
            <tensorRank>scalar</tensorRank>
            <description>short indexleg spread.</description>
          </Parameter>
          <Parameter name='IborIndexSpread' default='0.0'>
            <type>QuantLib::Spread</type>
            <tensorRank>scalar</tensorRank>
            <description>short indexleg spread.</description>
          </Parameter>
        </Parameters>
      </ParameterList>
    </Constructor>

    <Member name='qlOvernightIndexedBasisSwapNominal' type='QuantLib::OvernightIndexedBasisSwap'>
      <description>returns the nominal for the given OvernightIndexedBasisSwap object.</description>
      <libraryFunction>nominal</libraryFunction>
      <SupportedPlatforms>
        <!--SupportedPlatform name='Excel' calcInWizard='false'/-->
        <SupportedPlatform name='Excel'/>
        <!--SupportedPlatform name='Cpp'/-->
      </SupportedPlatforms>
      <ParameterList>
        <Parameters />
      </ParameterList>
      <ReturnValue>
        <type>double</type>
        <tensorRank>scalar</tensorRank>
      </ReturnValue>
    </Member>
	
	 <Member name='qlOvernightIndexedBasisSwapType' type='QuantLib::OvernightIndexedBasisSwap'>
      <description>returns the swap type (Payer or Receiver) of the given OvernightIndexedBasisSwap object.</description>
      <libraryFunction>type</libraryFunction>
      <SupportedPlatforms>
        <!--SupportedPlatform name='Excel' calcInWizard='false'/-->
        <SupportedPlatform name='Excel'/>
        <!--SupportedPlatform name='Cpp'/-->
      </SupportedPlatforms>
      <ParameterList>
        <Parameters />
      </ParameterList>
      <ReturnValue>
        <type>QuantLib::OvernightIndexedBasisSwap::Type</type>
        <tensorRank>scalar</tensorRank>
      </ReturnValue>
    </Member>	
  
    <Member name='qlOvernightIndexedBasisSwapOisSpread' type='QuantLib::OvernightIndexedBasisSwap'>
      <description>returns the spread for the OIS leg of the given OvernightIndexedBasisSwap object.</description>
      <libraryFunction>oisSpread</libraryFunction>
      <SupportedPlatforms>
        <!--SupportedPlatform name='Excel' calcInWizard='false'/-->
        <SupportedPlatform name='Excel'/>
        <!--SupportedPlatform name='Cpp'/-->
      </SupportedPlatforms>
      <ParameterList>
        <Parameters />
      </ParameterList>
      <ReturnValue>
        <type>double</type>
        <tensorRank>scalar</tensorRank>
      </ReturnValue>
    </Member>

    <Member name='qlOvernightIndexedBasisSwapIborSpread' type='QuantLib::OvernightIndexedBasisSwap'>
      <description>returns the spread for the IBOR leg of the given OvernightIndexedBasisSwap object.</description>
      <libraryFunction>iborSpread</libraryFunction>
      <SupportedPlatforms>
        <!--SupportedPlatform name='Excel' calcInWizard='false'/-->
        <SupportedPlatform name='Excel'/>
        <!--SupportedPlatform name='Cpp'/-->
      </SupportedPlatforms>
      <ParameterList>
        <Parameters />
      </ParameterList>
      <ReturnValue>
        <type>double</type>
        <tensorRank>scalar</tensorRank>
      </ReturnValue>
    </Member>

    <Member name='qlOvernightIndexedBasisSwapOisLegBPS' type='QuantLib::OvernightIndexedBasisSwap'>
      <description>returns the spread for the OIS leg of the given OvernightIndexedBasisSwap object.</description>
      <libraryFunction>overnightLegBPS</libraryFunction>
      <SupportedPlatforms>
        <!--SupportedPlatform name='Excel' calcInWizard='false'/-->
        <SupportedPlatform name='Excel'/>
        <!--SupportedPlatform name='Cpp'/-->
      </SupportedPlatforms>
      <ParameterList>
        <Parameters />
      </ParameterList>
      <ReturnValue>
        <type>double</type>
        <tensorRank>scalar</tensorRank>
      </ReturnValue>
    </Member>

    <Member name='qlOvernightIndexedBasisSwapOisLegFairOvernightSpread' type='QuantLib::OvernightIndexedBasisSwap'>
      <description>returns the fair overnight spread for the OIS leg of the given OvernightIndexedBasisSwap object.</description>
      <libraryFunction>fairOvernightSpread</libraryFunction>
      <SupportedPlatforms>
        <!--SupportedPlatform name='Excel' calcInWizard='false'/-->
        <SupportedPlatform name='Excel'/>
        <!--SupportedPlatform name='Cpp'/-->
      </SupportedPlatforms>
      <ParameterList>
        <Parameters />
      </ParameterList>
      <ReturnValue>
        <type>double</type>
        <tensorRank>scalar</tensorRank>
      </ReturnValue>
    </Member>

    <Member name='qlOvernightIndexedBasisSwapOisLegNPV' type='QuantLib::OvernightIndexedBasisSwap'>
      <description>returns the NPV for the OIS leg of the given OvernightIndexedBasisSwap object.</description>
      <libraryFunction>overnightLegNPV</libraryFunction>
      <SupportedPlatforms>
        <!--SupportedPlatform name='Excel' calcInWizard='false'/-->
        <SupportedPlatform name='Excel'/>
        <!--SupportedPlatform name='Cpp'/-->
      </SupportedPlatforms>
      <ParameterList>
        <Parameters />
      </ParameterList>
      <ReturnValue>
        <type>double</type>
        <tensorRank>scalar</tensorRank>
      </ReturnValue>
    </Member>


    <Member name='qlOvernightIndexedBasisSwapIborLegBPS' type='QuantLib::OvernightIndexedBasisSwap'>
      <description>returns the spread for the IBOR leg of the given OvernightIndexedBasisSwap object.</description>
      <libraryFunction>iborLegBPS</libraryFunction>
      <SupportedPlatforms>
        <!--SupportedPlatform name='Excel' calcInWizard='false'/-->
        <SupportedPlatform name='Excel'/>
        <!--SupportedPlatform name='Cpp'/-->
      </SupportedPlatforms>
      <ParameterList>
        <Parameters />
      </ParameterList>
      <ReturnValue>
        <type>double</type>
        <tensorRank>scalar</tensorRank>
      </ReturnValue>
    </Member>

    <Member name='qlOvernightIndexedBasisSwapIborLegFairOvernightSpread' type='QuantLib::OvernightIndexedBasisSwap'>
      <description>returns the fair ibor spread for the IBOR leg of the given OvernightIndexedBasisSwap object.</description>
      <libraryFunction>fairIborSpread</libraryFunction>
      <SupportedPlatforms>
        <!--SupportedPlatform name='Excel' calcInWizard='false'/-->
        <SupportedPlatform name='Excel'/>
        <!--SupportedPlatform name='Cpp'/-->
      </SupportedPlatforms>
      <ParameterList>
        <Parameters />
      </ParameterList>
      <ReturnValue>
        <type>double</type>
        <tensorRank>scalar</tensorRank>
      </ReturnValue>
    </Member>

    <Member name='qlOvernightIndexedBasisSwapIborLegNPV' type='QuantLib::OvernightIndexedBasisSwap'>
      <description>returns the NPV the IBOR leg of the given OvernightIndexedBasisSwap object.</description>
      <libraryFunction>iborLegNPV</libraryFunction>
      <SupportedPlatforms>
        <!--SupportedPlatform name='Excel' calcInWizard='false'/-->
        <SupportedPlatform name='Excel'/>
        <!--SupportedPlatform name='Cpp'/-->
      </SupportedPlatforms>
      <ParameterList>
        <Parameters />
      </ParameterList>
      <ReturnValue>
        <type>double</type>
        <tensorRank>scalar</tensorRank>
      </ReturnValue>
    </Member>

  
  
  </Functions>
</Category>
