
<root>
  
  <addinCategoryNames/>

  <coreCategoryNames>
    <categoryName>enumerations</categoryName>
    <categoryName>garbagecollection</categoryName>
    <categoryName>group</categoryName>
    <categoryName>logging</categoryName>
    <categoryName>ohutils</categoryName>
    <categoryName>range</categoryName>
    <categoryName>serialization</categoryName>
    <categoryName>valueobjects</categoryName>
    <categoryName>objects</categoryName>
  </coreCategoryNames>

</root>

