
<Addin name='Excel'>

  <rootDirectory>ohxl</rootDirectory>
  <exportSymbols>true</exportSymbols>
  <coreCategories>true</coreCategories>
  <addinCategories>false</addinCategories>

  <copyright>
    Copyright (C) 2004, 2005, 2006 Eric Ehlers
  </copyright>

  <Buffers>
    <Buffer name='bufferFunction' fileName='stub.excel.function'/>
    <Buffer name='bufferIncludes' fileName='stub.excel.includes' local='true'/>
    <Buffer name='bufferLoop' fileName='stub.excel.loop'/>
    <Buffer name='bufferNumFunc' fileName='stub.excel.numfunc'/>
    <Buffer name='bufferRegisterCall' fileName='stub.excel.register.call'/>
    <Buffer name='bufferRegisterFile' fileName='stub.excel.register.file'/>
    <Buffer name='bufferRegisterFunction' fileName='stub.excel.register.function'/>
    <Buffer name='exportStub' fileName='stub.excel.exports' local='true'/>
  </Buffers>

</Addin>

