
<Addin name='ValueObjects'>

  <rootDirectory>oh/valueobjects</rootDirectory>
  <coreCategories>true</coreCategories>
  <addinCategories>false</addinCategories>
  <headersInline>true</headersInline>

  <copyright>
    Copyright (C) 2005, 2006 Plamen Neykov
    Copyright (C) 2007, 2008 Eric Ehlers
  </copyright>

  <Buffers>
    <Buffer name='bufferAll' fileName='stub.vo.all'/>
    <Buffer name='bufferClassBody' fileName='stub.vo.class.body'/>
    <Buffer name='bufferClassDecl' fileName='stub.vo.class.decl'/>
    <Buffer name='bufferClassBodyInline' fileName='stub.vo.class.body.inline'/>
    <Buffer name='bufferClassDeclInline' fileName='stub.vo.class.decl.inline'/>
    <Buffer name='bufferIncludes' fileName='stub.vo.includes.body'/>
    <Buffer name='bufferIncludesDecl' fileName='stub.vo.includes.decl'/>
    <Buffer name='bufferIncludesInline' fileName='stub.vo.includes.inline'/>
  </Buffers>

</Addin>

