
<Category name='garbagecollection'>
  <description>garbage collection.</description>
  <displayName>Garbage Collection</displayName>
  <xlFunctionWizardCategory>ObjectHandler</xlFunctionWizardCategory>
  <addinIncludes/>

  <copyright>
    Copyright (C) 2004, 2005 Ferdinando Ametrano
    Copyright (C) 2004, 2005, 2006 Eric Ehlers
    Copyright (C) 2005, 2006 Plamen Neykov
    Copyright (C) 2004 StatPro Italia srl
  </copyright>

  <Functions>

    <Procedure name='ohRepositoryObjectCount'>
      <description>#/objects in repository.</description>
      <alias>ObjectHandler::RepositoryXL::instance().objectCount</alias>
      <SupportedPlatforms>
        <SupportedPlatform name='Excel'/>
      </SupportedPlatforms>
      <ParameterList>
        <Parameters/>
      </ParameterList>
      <ReturnValue>
        <type>long</type>
        <tensorRank>scalar</tensorRank>
      </ReturnValue>
    </Procedure>

    <Procedure name='ohRepositoryListObjectIDs'>
      <description>list the IDs of objects in repository matching regex.</description>
      <alias>ObjectHandler::RepositoryXL::instance().listObjectIDs</alias>
      <SupportedPlatforms>
        <SupportedPlatform name='Excel'/>
      </SupportedPlatforms>
      <ParameterList>
        <Parameters>
          <Parameter name='Regex'>
            <type>string</type>
            <tensorRank>scalar</tensorRank>
            <description>optional matching pattern in UNIX format (wildcard is .*).</description>
          </Parameter>
        </Parameters>
      </ParameterList>
      <ReturnValue>
        <type>string</type>
        <tensorRank>vector</tensorRank>
      </ReturnValue>
    </Procedure>

    <Procedure name='ohRepositoryCollectGarbage'>
      <description>delete orphaned objects from repository.</description>
      <alias>ObjectHandler::RepositoryXL::instance().collectGarbage</alias>
      <SupportedPlatforms>
        <SupportedPlatform name='Excel' />
      </SupportedPlatforms>
      <ParameterList>
        <Parameters>
          <Parameter name='DeletePermanent' default='false'>
            <type>bool</type>
            <tensorRank>scalar</tensorRank>
            <description>also delete permanent objects.</description>
          </Parameter>
        </Parameters>
      </ParameterList>
      <ReturnValue>
        <type>void</type>
        <tensorRank>scalar</tensorRank>
      </ReturnValue>
    </Procedure>

    <Procedure name='ohRepositoryDeleteAllObjects'>
      <description>delete all objects from repository.</description>
      <alias>ObjectHandler::Repository::instance().deleteAllObjects</alias>
      <SupportedPlatforms>
        <SupportedPlatform name='Excel' />
        <SupportedPlatform name='Cpp' />
      </SupportedPlatforms>
      <ParameterList>
        <Parameters>
          <Parameter name='DeletePermanent' default='false'>
            <type>bool</type>
            <tensorRank>scalar</tensorRank>
            <description>also delete permanent objects.</description>
          </Parameter>
        </Parameters>
      </ParameterList>
      <ReturnValue>
        <type>void</type>
        <tensorRank>scalar</tensorRank>
      </ReturnValue>
    </Procedure>

    <Procedure name='ohRepositoryDeleteObject'>
      <description>delete object from repository.</description>
      <alias>ObjectHandler::RepositoryXL::instance().deleteObject</alias>
      <SupportedPlatforms>
        <SupportedPlatform name='Excel' />
      </SupportedPlatforms>
      <ParameterList>
        <Parameters>
          <Parameter name='ObjectId'>
            <type>string</type>
            <tensorRank>vector</tensorRank>
            <description>ID of object to be deleted.</description>
          </Parameter>
        </Parameters>
      </ParameterList>
      <ReturnValue>
        <type>void</type>
        <tensorRank>scalar</tensorRank>
      </ReturnValue>
    </Procedure>

    <Procedure name='ohRepositoryLogAllObjects'>
      <description>write all object descriptions to log file.</description>
      <alias>ObjectHandler::logAllObjects</alias>
      <SupportedPlatforms>
        <SupportedPlatform name='Excel'/>
      </SupportedPlatforms>
      <ParameterList>
        <Parameters/>
      </ParameterList>
      <ReturnValue>
        <type>void</type>
        <tensorRank>scalar</tensorRank>
      </ReturnValue>
    </Procedure>

    <Procedure name='ohRepositoryLogObject'>
      <description>write object description to log file.</description>
      <alias>ObjectHandler::logObject</alias>
      <SupportedPlatforms>
        <SupportedPlatform name='Excel'/>
        <SupportedPlatform name='Cpp'/>
      </SupportedPlatforms>
      <ParameterList>
        <Parameters>
          <Parameter name='ObjectId'>
            <type>string</type>
            <tensorRank>scalar</tensorRank>
            <description>ID of object to be logged.</description>
          </Parameter>
        </Parameters>
      </ParameterList>
      <ReturnValue>
        <type>void</type>
        <tensorRank>scalar</tensorRank>
      </ReturnValue>
    </Procedure>

  </Functions>

</Category>
