
<Category name='serialization'>
  <description>serialization.</description>
  <displayName>Serialization</displayName>
  <xlFunctionWizardCategory>ObjectHandler</xlFunctionWizardCategory>
  <addinIncludes>
    <include>oh/serializationfactory.hpp</include>
  </addinIncludes>

  <copyright>
    Copyright (C) 2007 Eric Ehlers
    Copyright (C) 2006 Plamen Neykov
  </copyright>

  <Functions>

    <Procedure name='ohObjectSave'>
      <description>Serialize list of objects to given path, return count of objects serialized.</description>
      <alias>ObjectHandler::SerializationFactory::instance().saveObject</alias>
      <SupportedPlatforms>
        <SupportedPlatform name='Excel' calcInWizard='false'/>
        <SupportedPlatform name='Cpp' />
        <SupportedPlatform name='Calc' />
      </SupportedPlatforms>
      <ParameterList>
        <Parameters>
          <Parameter name='ObjectList'>
            <!--<type>ObjectHandler::Object</type-->
            <type>string</type>
            <tensorRank>vector</tensorRank>
            <description>list of IDs of objects to be serialized.</description>
          </Parameter>
          <Parameter name='Filename'>
            <type>string</type>
            <tensorRank>scalar</tensorRank>
            <description>file name to which objects are to be serialized.</description>
          </Parameter>
          <Parameter name='Overwrite' default='false'>
            <type>bool</type>
            <tensorRank>scalar</tensorRank>
            <description>overwrite the output file if it exists.</description>
          </Parameter>
          <Parameter name='IncludeGroups' default='true'>
            <type>bool</type>
            <tensorRank>scalar</tensorRank>
            <description>include Groups in the serialisation.</description>
          </Parameter>
        </Parameters>
      </ParameterList>
      <ReturnValue>
        <type>long</type>
        <tensorRank>scalar</tensorRank>
      </ReturnValue>
    </Procedure>

    <Procedure name='ohObjectLoad'>
      <description>Deserialize list of objects from given file, return IDs of deserialized objects.</description>
      <alias>ObjectHandler::SerializationFactory::instance().loadObject</alias>
      <SupportedPlatforms>
        <SupportedPlatform name='Excel' calcInWizard='false'/>
        <SupportedPlatform name='Cpp'/>
        <SupportedPlatform name='Calc'/>
      </SupportedPlatforms>
      <ParameterList>
        <Parameters>
          <Parameter name='Directory'>
            <type>string</type>
            <tensorRank>scalar</tensorRank>
            <description>Directory from which objects are to be deserialized.</description>
          </Parameter>
          <Parameter name='Pattern' default='".*\\.xml"'>
            <type>string</type>
            <tensorRank>scalar</tensorRank>
            <description>Name of XML file from which objects are to be deserialized, or a pattern in UNIX format (wildcard is .*).</description>
          </Parameter>
          <Parameter name='Recurse' default='false'>
            <type>bool</type>
            <tensorRank>scalar</tensorRank>
            <description>Recurse subdirectories of Directory when searching for filenames matching Pattern.</description>
          </Parameter>
          <Parameter name='Overwrite' default='false'>
            <type>bool</type>
            <tensorRank>scalar</tensorRank>
            <description>Overwrite any existing Object that has the same ID as one being loaded.</description>
          </Parameter>
        </Parameters>
      </ParameterList>
      <ReturnValue>
        <type>string</type>
        <tensorRank>vector</tensorRank>
      </ReturnValue>
    </Procedure>

    <Procedure name='ohObjectSaveString'>
      <description>Serialize list of objects to given path, return resulting XML.</description>
      <alias>ObjectHandler::SerializationFactory::instance().saveObjectString</alias>
      <SupportedPlatforms>
        <SupportedPlatform name='Excel' calcInWizard='false'/>
        <SupportedPlatform name='Cpp' />
      </SupportedPlatforms>
      <ParameterList>
        <Parameters>
          <Parameter name='ObjectList'>
            <type>ObjectHandler::Object</type>
            <tensorRank>vector</tensorRank>
            <description>list of IDs of objects to be serialized.</description>
          </Parameter>
          <Parameter name='Overwrite' default='false'>
            <type>bool</type>
            <tensorRank>scalar</tensorRank>
            <description>overwrite the output file if it exists.</description>
          </Parameter>
        </Parameters>
      </ParameterList>
      <ReturnValue>
        <type>string</type>
        <tensorRank>scalar</tensorRank>
      </ReturnValue>
    </Procedure>

    <Procedure name='ohObjectLoadString'>
      <description>Deserialize list of objects from given string, return IDs of deserialized objects.</description>
      <alias>ObjectHandler::SerializationFactory::instance().loadObjectString</alias>
      <SupportedPlatforms>
        <SupportedPlatform name='Excel' calcInWizard='false'/>
        <SupportedPlatform name='Cpp'/>
      </SupportedPlatforms>
      <ParameterList>
        <Parameters>
          <Parameter name='Xml'>
            <type>string</type>
            <tensorRank>scalar</tensorRank>
            <description>XML string from which objects are to be deserialized.</description>
          </Parameter>
          <Parameter name='Overwrite' default='false'>
            <type>bool</type>
            <tensorRank>scalar</tensorRank>
            <description>Overwrite any existing Object that has the same ID as one being loaded.</description>
          </Parameter>
        </Parameters>
      </ParameterList>
      <ReturnValue>
        <type>string</type>
        <tensorRank>vector</tensorRank>
      </ReturnValue>
    </Procedure>

  </Functions>

</Category>
