<Category name='subperiodsswap'>
  <description>functions to construct and use SubPeriodsSwap objects.</description>
  <displayName>Sub Periods Swap</displayName>
  <xlFunctionWizardCategory>QuantLib - Financial</xlFunctionWizardCategory>
  <serializationIncludes>
    <include>qlo/subperiodsswap.hpp</include>
    <include>qlo/indexes/iborindex.hpp</include>
    <include>qlo/schedule.hpp</include>
    <include>qlo/pricingengines.hpp</include>
    <include>qlo/termstructures.hpp</include>

    <include>ql/indexes/iborindex.hpp</include>
    <include>ql/termstructures/yield/ratehelpers.hpp</include>
  </serializationIncludes>
  <addinIncludes>
    <include>qlo/subperiodsswap.hpp</include>
    <include>qlo/indexes/iborindex.hpp</include>
    <include>qlo/schedule.hpp</include>
    <include>qlo/pricingengines.hpp</include>
    <include>qlo/termstructures.hpp</include>

    <include>ql/indexes/iborindex.hpp</include>
    <include>ql/termstructures/yield/ratehelpers.hpp</include>
  </addinIncludes>
  <copyright>
    Copyright (C) 2006, 2007, 2011, 2015 Ferdinando Ametrano
    Copyright (C) 2005, 2006 Eric Ehlers
    Copyright (C) 2005 Plamen Neykov
    Copyright (C) 2005 Aurelien Chanudet
  </copyright>
  <Functions>


    <Constructor name='qlSubPeriodsSwap'>
      <libraryFunction>SubPeriodsSwap</libraryFunction>
      <SupportedPlatforms>
        <!--SupportedPlatform name='Excel' calcInWizard='false'/-->
        <SupportedPlatform name='Excel'/>
	<SupportedPlatform name='Calc'/>
	<SupportedPlatform name='Cpp'/>
      </SupportedPlatforms>
      <processorName>InstrumentProcessor</processorName>
      <ParameterList>
        <Parameters>
          <Parameter name='EffectiveDate'>
            <type>QuantLib::Date</type>
            <tensorRank>scalar</tensorRank>
            <description>effective date.</description>
          </Parameter>
          <Parameter name='Nominal' default='100'>
            <type>QuantLib::Real</type>
            <tensorRank>scalar</tensorRank>
            <description>Notional Amount.</description>
          </Parameter>
          <Parameter name='SwapTenor'>
            <type>QuantLib::Period</type>
            <tensorRank>scalar</tensorRank>
            <description>Swap Tenor.</description>
          </Parameter>
          <Parameter name='IsPayer'>
            <type>bool</type>
            <tensorRank>scalar</tensorRank>
            <description>True if pays fixed,False if not.</description>
          </Parameter>
		  <Parameter name='FixedPayTenor' exampleValue='6M'>
            <type>QuantLib::Period</type>
            <tensorRank>scalar</tensorRank>
            <description>short index leg payment tenor (e.g. 1Y for one year).</description>
          </Parameter>  
          <Parameter name='FixedRate'>
            <type>QuantLib::Rate</type>
            <tensorRank>scalar</tensorRank>
            <description>fixed rate.</description>
          </Parameter>
          <Parameter name='FixedCalendar'>
            <type>QuantLib::Calendar</type>
            <tensorRank>scalar</tensorRank>
            <description>fixed leg calendar.</description>
          </Parameter>
          <Parameter name='FixedDayCount'>
            <type>QuantLib::DayCounter</type>
            <tensorRank>scalar</tensorRank>
            <description>fixed leg day count.</description>
          </Parameter>
          <Parameter name='FixedDayConvention'>
            <type>QuantLib::BusinessDayConvention</type>
            <tensorRank>scalar</tensorRank>
            <description>fixed leg busines day convention.</description>
          </Parameter>
		  <Parameter name='FloatLegPayTenor' exampleValue='6M'>
            <type>QuantLib::Period</type>
            <tensorRank>scalar</tensorRank>
            <description>short index leg payment tenor (e.g. 1Y for one year).</description>
          </Parameter>  
		   <Parameter name='IborIndex'>
            <type>QuantLib::IborIndex</type>
            <tensorRank>scalar</tensorRank>
            <description>IborIndex object ID.</description>
          </Parameter>
          <Parameter name='FloatLegCount'>
            <type>QuantLib::DayCounter</type>
            <tensorRank>scalar</tensorRank>
            <description>floating leg day count.</description>
          </Parameter>
          <Parameter name='DateGeneration'>
            <type>QuantLib::DateGeneration::Rule</type>
            <tensorRank>scalar</tensorRank>
            <description>Date Generateion Rule (Backward/Forward).</description>
          </Parameter>          
          <Parameter name='AvergingCompounding' default='"Compounding"'>
            <type>QuantLib::SubPeriodsCouponQLE::Type</type>
            <tensorRank>scalar</tensorRank>
            <description>AVERAGING to average the ois rate, COMPOUNDING to compound it.</description>
          </Parameter>			
        </Parameters>
      </ParameterList>
    </Constructor>

    <Member name='qlSubPeriodsSwapNominal' type='QuantLib::SubPeriodsSwap'>
      <description>returns the nominal for the given SubPeriodsSwap object.</description>
      <libraryFunction>nominal</libraryFunction>
      <SupportedPlatforms>
        <!--SupportedPlatform name='Excel' calcInWizard='false'/-->
        <SupportedPlatform name='Excel'/>
        <!--SupportedPlatform name='Cpp'/-->
      </SupportedPlatforms>
      <ParameterList>
        <Parameters />
      </ParameterList>
      <ReturnValue>
        <type>double</type>
        <tensorRank>scalar</tensorRank>
      </ReturnValue>
    </Member>
	
	 <Member name='qlSubPeriodsSwapPayFixed' type='QuantLib::SubPeriodsSwap'>
      <description>returns true/false for whether or not the  fixed leg is paid for the given SubPeriodsSwap object.</description>
      <libraryFunction>isPayer</libraryFunction>
      <SupportedPlatforms>
        <!--SupportedPlatform name='Excel' calcInWizard='false'/-->
        <SupportedPlatform name='Excel'/>
        <!--SupportedPlatform name='Cpp'/-->
      </SupportedPlatforms>
      <ParameterList>
        <Parameters />
      </ParameterList>
      <ReturnValue>
        <type>bool</type>
        <tensorRank>scalar</tensorRank>
      </ReturnValue>
    </Member>

    <Member name='qlSubPeriodsSwapFixedRate' type='QuantLib::SubPeriodsSwap'>
      <description>returns the fixed rate for the given SubPeriodsSwap object.</description>
      <libraryFunction>fixedRate</libraryFunction>
      <SupportedPlatforms>
        <!--SupportedPlatform name='Excel' calcInWizard='false'/-->
        <SupportedPlatform name='Excel'/>
        <!--SupportedPlatform name='Cpp'/-->
      </SupportedPlatforms>
      <ParameterList>
        <Parameters />
      </ParameterList>
      <ReturnValue>
        <type>double</type>
        <tensorRank>scalar</tensorRank>
      </ReturnValue>
    </Member>

    <Member name='qlSubPeriodsSwapIndexPayTenor' type='QuantLib::SubPeriodsSwap'>
      <description>returns the payment tenor for the Index Leg of the given SubPeriodsSwap object.</description>
      <libraryFunction>floatPayTenor</libraryFunction>
      <SupportedPlatforms>
        <!--SupportedPlatform name='Excel' calcInWizard='false'/-->
        <SupportedPlatform name='Excel'/>
        <!--SupportedPlatform name='Cpp'/-->
      </SupportedPlatforms>
      <ParameterList>
        <Parameters />
      </ParameterList>
      <ReturnValue>
        <type>QuantLib::Period</type>
        <tensorRank>scalar</tensorRank>
      </ReturnValue>
    </Member>	

    <Member name='qlSubPeriodsSwapFixedLegBPS' type='QuantLib::SubPeriodsSwap'>
      <description>returns the BPS of the fixed rate leg for the given SubPeriodsSwap object.</description>
      <libraryFunction>fixedLegBPS</libraryFunction>
      <SupportedPlatforms>
        <!--SupportedPlatform name='Excel' calcInWizard='false'/-->
        <SupportedPlatform name='Excel'/>
        <!--SupportedPlatform name='Cpp'/-->
      </SupportedPlatforms>
      <ParameterList>
        <Parameters />
      </ParameterList>
      <ReturnValue>
        <type>double</type>
        <tensorRank>scalar</tensorRank>
      </ReturnValue>
    </Member>

    <Member name='qlSubPeriodsSwapFixedLegNPV' type='QuantLib::SubPeriodsSwap'>
      <description>returns the NPV of the fixed rate leg for the given SubPeriodsSwap object.</description>
      <libraryFunction>fixedLegNPV</libraryFunction>
      <SupportedPlatforms>
        <!--SupportedPlatform name='Excel' calcInWizard='false'/-->
        <SupportedPlatform name='Excel'/>
	<SupportedPlatform name='Calc'/>
	<!--SupportedPlatform name='Cpp'/-->
      </SupportedPlatforms>
      <ParameterList>
        <Parameters />
      </ParameterList>
      <ReturnValue>
        <type>double</type>
        <tensorRank>scalar</tensorRank>
      </ReturnValue>
    </Member>

    <Member name='qlSubPeriodsSwapFairRate' type='QuantLib::SubPeriodsSwap'>
      <description>returns the fair fixed leg rate which would zero the swap NPV for the given SubPeriodsSwap object.</description>
      <libraryFunction>fairRate</libraryFunction>
      <SupportedPlatforms>
        <!--SupportedPlatform name='Excel' calcInWizard='false'/-->
        <SupportedPlatform name='Excel'/>
	<SupportedPlatform name='Calc'/>
	<!--SupportedPlatform name='Cpp'/-->
      </SupportedPlatforms>
      <ParameterList>
        <Parameters />
      </ParameterList>
      <ReturnValue>
        <type>QuantLib::Rate</type>
        <tensorRank>scalar</tensorRank>
      </ReturnValue>
    </Member>

    <Member name='qlSubPeriodsSwapFloatingLegBPS' type='QuantLib::SubPeriodsSwap'>
      <description>returns the BPS of the floating rate leg for the given SubPeriodsSwap object.</description>
      <libraryFunction>floatLegBPS</libraryFunction>
      <SupportedPlatforms>
        <!--SupportedPlatform name='Excel' calcInWizard='false'/-->
	<SupportedPlatform name='Excel'/>
	<SupportedPlatform name='Calc'/>
	<!--SupportedPlatform name='Cpp'/-->
      </SupportedPlatforms>
      <ParameterList>
        <Parameters />
      </ParameterList>
      <ReturnValue>
        <type>double</type>
        <tensorRank>scalar</tensorRank>
      </ReturnValue>
    </Member>

    <Member name='qlSubPeriodsSwapFloatingLegNPV' type='QuantLib::SubPeriodsSwap'>
      <description>returns the NPV of the floating rate leg for the given SubPeriodsSwap object.</description>
      <libraryFunction>floatLegNPV</libraryFunction>
      <SupportedPlatforms>
        <!--SupportedPlatform name='Excel' calcInWizard='false'/-->
        <SupportedPlatform name='Excel'/>
	<SupportedPlatform name='Calc'/>
	<!--SupportedPlatform name='Cpp'/-->
      </SupportedPlatforms>
      <ParameterList>
        <Parameters />
      </ParameterList>
      <ReturnValue>
        <type>double</type>
        <tensorRank>scalar</tensorRank>
      </ReturnValue>
    </Member>

 
    <Member name='qlSubPeriodsSwapFixedLegAnalysis' type='QuantLibAddin::SubPeriodsSwap'>
      <description>returns the fixed leg cash flow analysis of the given SubPeriodsSwap object.</description>
      <libraryFunction>fixedLegAnalysis</libraryFunction>
      <SupportedPlatforms>
        <!--SupportedPlatform name='Excel' calcInWizard='false'/-->
        <SupportedPlatform name='Excel'/>
        <!--SupportedPlatform name='Cpp'/-->
      </SupportedPlatforms>
      <ParameterList>
        <Parameters>
          <Parameter name='AfterDate' const='False' default='QuantLib::Date()'>
            <type>QuantLib::Date</type>
            <tensorRank>scalar</tensorRank>
            <description>Shows only cashflows after given date</description>
          </Parameter>
        </Parameters>
      </ParameterList>
      <ReturnValue>
        <type>any</type>
        <tensorRank>matrix</tensorRank>
      </ReturnValue>
    </Member>

    <Member name='qlSubPeriodsSwapFlaotingLegAnalysis' type='QuantLibAddin::SubPeriodsSwap'>
      <description>returns the floating leg cash flow analysis.</description>
      <libraryFunction>floatingLegAnalysis</libraryFunction>
      <SupportedPlatforms>
        <!--SupportedPlatform name='Excel' calcInWizard='false'/-->
        <SupportedPlatform name='Excel'/>
        <!--SupportedPlatform name='Cpp'/-->
      </SupportedPlatforms>
      <ParameterList>
        <Parameters>
          <Parameter name='AfterDate' const='False' default='QuantLib::Date()'>
            <type>QuantLib::Date</type>
            <tensorRank>scalar</tensorRank>
            <description>Shows only cashflows after given date</description>
          </Parameter>
        </Parameters>
      </ParameterList>
      <ReturnValue>
        <type>any</type>
        <tensorRank>matrix</tensorRank>
      </ReturnValue>
    </Member>

  </Functions>
</Category>
