<Category name='tenorbasisswap'>
  <description>functions to construct and use TenorBasisSwap objects.</description>
  <displayName>Tenor Basis Swap</displayName>
  <xlFunctionWizardCategory>QuantLib - Financial</xlFunctionWizardCategory>
  <serializationIncludes>
    <include>qlo/tenorbasisswap.hpp</include>
    <include>qlo/indexes/iborindex.hpp</include>
    <include>qlo/schedule.hpp</include>
    <include>qlo/pricingengines.hpp</include>
    <include>qlo/termstructures.hpp</include>

    <include>ql/indexes/iborindex.hpp</include>
    <include>ql/termstructures/yield/ratehelpers.hpp</include>
  </serializationIncludes>
  <addinIncludes>
    <include>qlo/tenorbasisswap.hpp</include>
    <include>qlo/indexes/iborindex.hpp</include>
    <include>qlo/schedule.hpp</include>
    <include>qlo/pricingengines.hpp</include>
    <include>qlo/termstructures.hpp</include>

    <include>ql/indexes/iborindex.hpp</include>
    <include>ql/termstructures/yield/ratehelpers.hpp</include>
  </addinIncludes>
  <copyright>
    Copyright (C) 2006, 2007, 2011, 2015 Ferdinando Ametrano
    Copyright (C) 2005, 2006 Eric Ehlers
    Copyright (C) 2005 Plamen Neykov
    Copyright (C) 2005 Aurelien Chanudet
  </copyright>
  <Functions>


    <Constructor name='qlTenorBasisSwap2'>
      <libraryFunction>TenorBasisSwap</libraryFunction>
      <SupportedPlatforms>
        <!--SupportedPlatform name='Excel' calcInWizard='false'/-->
        <SupportedPlatform name='Excel'/>
	<SupportedPlatform name='Calc'/>
	<SupportedPlatform name='Cpp'/>
      </SupportedPlatforms>
      <processorName>InstrumentProcessor</processorName>
      <ParameterList>
        <Parameters>
          <Parameter name='EffectiveDate'>
            <type>QuantLib::Date</type>
            <tensorRank>scalar</tensorRank>
            <description>effective date.</description>
          </Parameter>
          <Parameter name='Nominal' default='100'>
            <type>QuantLib::Real</type>
            <tensorRank>scalar</tensorRank>
            <description>Notional Amount.</description>
          </Parameter>
          <Parameter name='SwapTenor'>
            <type>QuantLib::Period</type>
            <tensorRank>scalar</tensorRank>
            <description>Swap Tenor.</description>
          </Parameter>
		  <Parameter name='PayLongIndex'>
            <type>bool</type>
            <tensorRank>scalar</tensorRank>
            <description>Pay the Long Index.</description>
          </Parameter>
		  <Parameter name='LongIborIndex'>
            <type>QuantLib::IborIndex</type>
            <tensorRank>scalar</tensorRank>
            <description>long Index IborIndex object ID.</description>
          </Parameter>
          <Parameter name='LongIndexSpread' default='0.0'>
            <type>QuantLib::Spread</type>
            <tensorRank>scalar</tensorRank>
            <description>long indexleg spread.</description>
          </Parameter>
		   <Parameter name='ShortIborIndex'>
            <type>QuantLib::IborIndex</type>
            <tensorRank>scalar</tensorRank>
            <description>short Index IborIndex object ID.</description>
          </Parameter>
          <Parameter name='ShortIndexSpread' default='0.0'>
            <type>QuantLib::Spread</type>
            <tensorRank>scalar</tensorRank>
            <description>short indexleg spread.</description>
          </Parameter>
		  <Parameter name='ShortLegPaymentTenor' exampleValue='6M'>
            <type>QuantLib::Period</type>
            <tensorRank>scalar</tensorRank>
            <description>short index leg payment tenor (e.g. 1Y for one year).</description>
          </Parameter>  
          <Parameter name='DateGeneration'>
            <type>QuantLib::DateGeneration::Rule</type>
            <tensorRank>scalar</tensorRank>
            <description>Date Generateion Rule (Backward/Forward).</description>
          </Parameter>          
		  <Parameter name='IncludeSpread'>
            <type>bool</type>
            <tensorRank>scalar</tensorRank>
            <description>Include Spread in Compounding.</description>
          </Parameter>
          <Parameter name='AvergingCompounding' default='"Compounding"'>
            <type>QuantLib::SubPeriodsCoupon1::Type</type>
            <tensorRank>scalar</tensorRank>
            <description>AVERAGING to average the ois rate, COMPOUNDING to compound it.</description>
          </Parameter>			
        </Parameters>
      </ParameterList>
    </Constructor>

    <Constructor name='qlTenorBasisSwap'>
      <libraryFunction>TenorBasisSwap</libraryFunction>
      <SupportedPlatforms>
        <!--SupportedPlatform name='Excel' calcInWizard='false'/-->
        <SupportedPlatform name='Excel'/>
	<SupportedPlatform name='Calc'/>
	<SupportedPlatform name='Cpp'/>
      </SupportedPlatforms>
      <processorName>InstrumentProcessor</processorName>
      <ParameterList>
        <Parameters>
          <Parameter name='Nominal' default='100'>
            <type>QuantLib::Real</type>
            <tensorRank>scalar</tensorRank>
            <description>Notional Amount.</description>
          </Parameter>
          <Parameter name='PayLongIndex'>
            <type>bool</type>
            <tensorRank>scalar</tensorRank>
            <description>Pay the Long Index.</description>
          </Parameter>
          <Parameter name='LongIndexSchedule' exampleValue='LongIndexSchedule'>
            <type>QuantLib::Schedule</type>
            <superType>libraryClass</superType>
            <tensorRank>scalar</tensorRank>
            <description>long Index Schedule object ID.</description>
           </Parameter>
		   <Parameter name='LongIborIndex'>
            <type>QuantLib::IborIndex</type>
            <tensorRank>scalar</tensorRank>
            <description>long Index IborIndex object ID.</description>
          </Parameter>
          <Parameter name='LongIndexSpread' default='0.0'>
            <type>QuantLib::Spread</type>
            <tensorRank>scalar</tensorRank>
            <description>long indexleg spread.</description>
          </Parameter>
          <Parameter name='ShortIndexSchedule' exampleValue='ShortIndexSchedule'>
            <type>QuantLib::Schedule</type>
            <superType>libraryClass</superType>
            <tensorRank>scalar</tensorRank>
            <description>short Index Schedule object ID.</description>
           </Parameter>
		   <Parameter name='ShortIborIndex'>
            <type>QuantLib::IborIndex</type>
            <tensorRank>scalar</tensorRank>
            <description>short Index IborIndex object ID.</description>
          </Parameter>
          <Parameter name='ShortIndexSpread' default='0.0'>
            <type>QuantLib::Spread</type>
            <tensorRank>scalar</tensorRank>
            <description>short indexleg spread.</description>
          </Parameter>
          <Parameter name='IncludeSpread'>
            <type>bool</type>
            <tensorRank>scalar</tensorRank>
            <description>Include Spread in Compounding.</description>
          </Parameter>
          <Parameter name='AvergingCompounding' default='"Compounding"'>
            <type>QuantLib::SubPeriodsCoupon1::Type</type>
            <tensorRank>scalar</tensorRank>
            <description>AVERAGING to average the ois rate, COMPOUNDING to compound it.</description>
          </Parameter>	
		</Parameters>
      </ParameterList>
    </Constructor>

    <Member name='qlTenorBasisSwapNominal' type='QuantLib::TenorBasisSwap'>
      <description>returns the nominal for the given TenorBasisSwap object.</description>
      <libraryFunction>nominal</libraryFunction>
      <SupportedPlatforms>
        <!--SupportedPlatform name='Excel' calcInWizard='false'/-->
        <SupportedPlatform name='Excel'/>
        <!--SupportedPlatform name='Cpp'/-->
      </SupportedPlatforms>
      <ParameterList>
        <Parameters />
      </ParameterList>
      <ReturnValue>
        <type>double</type>
        <tensorRank>scalar</tensorRank>
      </ReturnValue>
    </Member>
	
	 <Member name='qlTenorBasisSwapPayLongIndex' type='QuantLib::TenorBasisSwap'>
      <description>returns true/false for whether or not the Long Index is paid for the given TenorBasisSwap object.</description>
      <libraryFunction>payLongIndex</libraryFunction>
      <SupportedPlatforms>
        <!--SupportedPlatform name='Excel' calcInWizard='false'/-->
        <SupportedPlatform name='Excel'/>
        <!--SupportedPlatform name='Cpp'/-->
      </SupportedPlatforms>
      <ParameterList>
        <Parameters />
      </ParameterList>
      <ReturnValue>
        <type>bool</type>
        <tensorRank>scalar</tensorRank>
      </ReturnValue>
    </Member>

    <Member name='qlTenorBasisSwapLongIndexSpread' type='QuantLib::TenorBasisSwap'>
      <description>returns the spread for the Long Index Leg of the given TenorBasisSwap object.</description>
      <libraryFunction>longSpread</libraryFunction>
      <SupportedPlatforms>
        <!--SupportedPlatform name='Excel' calcInWizard='false'/-->
        <SupportedPlatform name='Excel'/>
        <!--SupportedPlatform name='Cpp'/-->
      </SupportedPlatforms>
      <ParameterList>
        <Parameters />
      </ParameterList>
      <ReturnValue>
        <type>double</type>
        <tensorRank>scalar</tensorRank>
      </ReturnValue>
    </Member>

    <Member name='qlTenorBasisSwapShortIndexSpread' type='QuantLib::TenorBasisSwap'>
      <description>returns the spread for the Short Index Leg of the given TenorBasisSwap object.</description>
      <libraryFunction>shortSpread</libraryFunction>
      <SupportedPlatforms>
        <!--SupportedPlatform name='Excel' calcInWizard='false'/-->
        <SupportedPlatform name='Excel'/>
        <!--SupportedPlatform name='Cpp'/-->
      </SupportedPlatforms>
      <ParameterList>
        <Parameters />
      </ParameterList>
      <ReturnValue>
        <type>double</type>
        <tensorRank>scalar</tensorRank>
      </ReturnValue>
    </Member>
	
    <Member name='qlTenorBasisSwapShortIndexPayTenor' type='QuantLib::TenorBasisSwap'>
      <description>returns the payment tenor for the Short Index Leg of the given TenorBasisSwap object.</description>
      <libraryFunction>shortPayTenor</libraryFunction>
      <SupportedPlatforms>
        <!--SupportedPlatform name='Excel' calcInWizard='false'/-->
        <SupportedPlatform name='Excel'/>
        <!--SupportedPlatform name='Cpp'/-->
      </SupportedPlatforms>
      <ParameterList>
        <Parameters />
      </ParameterList>
      <ReturnValue>
        <type>QuantLib::Period</type>
        <tensorRank>scalar</tensorRank>
      </ReturnValue>
    </Member>	

    <Member name='qlTenorBasisSwapShortIndexIncludeSpread' type='QuantLib::TenorBasisSwap'>
      <description>returns true/false depending on whether or not the Short Index Spread is included in compounding for the given TenorBasisSwap object.</description>
      <libraryFunction>includeSpread</libraryFunction>
      <SupportedPlatforms>
        <!--SupportedPlatform name='Excel' calcInWizard='false'/-->
        <SupportedPlatform name='Excel'/>
        <!--SupportedPlatform name='Cpp'/-->
      </SupportedPlatforms>
      <ParameterList>
        <Parameters />
      </ParameterList>
      <ReturnValue>
        <type>bool</type>
        <tensorRank>scalar</tensorRank>
      </ReturnValue>
    </Member>	
    <Member name='qlTenorBasisSwapLongIndexLegBPS' type='QuantLib::TenorBasisSwap'>
      <description>returns the BPS of the long index leg for the given TenorBasisSwap object.</description>
      <libraryFunction>longLegBPS</libraryFunction>
      <SupportedPlatforms>
        <!--SupportedPlatform name='Excel' calcInWizard='false'/-->
        <SupportedPlatform name='Excel'/>
        <!--SupportedPlatform name='Cpp'/-->
      </SupportedPlatforms>
      <ParameterList>
        <Parameters />
      </ParameterList>
      <ReturnValue>
        <type>double</type>
        <tensorRank>scalar</tensorRank>
      </ReturnValue>
    </Member>
    <Member name='qlTenorBasisSwapLongIndexLegNPV' type='QuantLib::TenorBasisSwap'>
      <description>returns the NPV of the long index leg for the given TenorBasisSwap object.</description>
      <libraryFunction>longLegNPV</libraryFunction>
      <SupportedPlatforms>
        <!--SupportedPlatform name='Excel' calcInWizard='false'/-->
        <SupportedPlatform name='Excel'/>
        <!--SupportedPlatform name='Cpp'/-->
      </SupportedPlatforms>
      <ParameterList>
        <Parameters />
      </ParameterList>
      <ReturnValue>
        <type>double</type>
        <tensorRank>scalar</tensorRank>
      </ReturnValue>
    </Member>
	<Member name='qlTenorBasisSwapLongIndexLegFairSpread' type='QuantLib::TenorBasisSwap'>
      <description>returns the Fair Spread of the long index leg for the given TenorBasisSwap object.</description>
      <libraryFunction>fairLongLegSpread</libraryFunction>
      <SupportedPlatforms>
        <!--SupportedPlatform name='Excel' calcInWizard='false'/-->
        <SupportedPlatform name='Excel'/>
        <!--SupportedPlatform name='Cpp'/-->
      </SupportedPlatforms>
      <ParameterList>
        <Parameters />
      </ParameterList>
      <ReturnValue>
        <type>double</type>
        <tensorRank>scalar</tensorRank>
      </ReturnValue>
    </Member>

    <Member name='qlTenorBasisSwapShortIndexLegBPS' type='QuantLib::TenorBasisSwap'>
      <description>returns the BPS of the short index leg for the given TenorBasisSwap object.</description>
      <libraryFunction>shortLegBPS</libraryFunction>
      <SupportedPlatforms>
        <!--SupportedPlatform name='Excel' calcInWizard='false'/-->
        <SupportedPlatform name='Excel'/>
        <!--SupportedPlatform name='Cpp'/-->
      </SupportedPlatforms>
      <ParameterList>
        <Parameters />
      </ParameterList>
      <ReturnValue>
        <type>double</type>
        <tensorRank>scalar</tensorRank>
      </ReturnValue>
    </Member>
    <Member name='qlTenorBasisSwapShortIndexLegNPV' type='QuantLib::TenorBasisSwap'>
      <description>returns the NPV of the short index leg for the given TenorBasisSwap object.</description>
      <libraryFunction>shortLegNPV</libraryFunction>
      <SupportedPlatforms>
        <!--SupportedPlatform name='Excel' calcInWizard='false'/-->
        <SupportedPlatform name='Excel'/>
        <!--SupportedPlatform name='Cpp'/-->
      </SupportedPlatforms>
      <ParameterList>
        <Parameters />
      </ParameterList>
      <ReturnValue>
        <type>double</type>
        <tensorRank>scalar</tensorRank>
      </ReturnValue>
    </Member>
	<Member name='qlTenorBasisSwapShortIndexLegFairSpread' type='QuantLib::TenorBasisSwap'>
      <description>returns the Fair Spread of the short index leg for the given TenorBasisSwap object.</description>
      <libraryFunction>fairShortLegSpread</libraryFunction>
      <SupportedPlatforms>
        <!--SupportedPlatform name='Excel' calcInWizard='false'/-->
        <SupportedPlatform name='Excel'/>
        <!--SupportedPlatform name='Cpp'/-->
      </SupportedPlatforms>
      <ParameterList>
        <Parameters />
      </ParameterList>
      <ReturnValue>
        <type>double</type>
        <tensorRank>scalar</tensorRank>
      </ReturnValue>
    </Member>

    <Member name='qlTenorBasisSwapLongIndexLegAnalysis' type='QuantLibAddin::TenorBasisSwap'>
      <description>returns the long index leg cash flow analysis of the given TenorBasisSwap object.</description>
      <libraryFunction>longIndexLegAnalysis</libraryFunction>
      <SupportedPlatforms>
        <!--SupportedPlatform name='Excel' calcInWizard='false'/-->
        <SupportedPlatform name='Excel'/>
        <!--SupportedPlatform name='Cpp'/-->
      </SupportedPlatforms>
      <ParameterList>
        <Parameters>
          <Parameter name='AfterDate' const='False' default='QuantLib::Date()'>
            <type>QuantLib::Date</type>
            <tensorRank>scalar</tensorRank>
            <description>Shows only cashflows after given date</description>
          </Parameter>
        </Parameters>
      </ParameterList>
      <ReturnValue>
        <type>any</type>
        <tensorRank>matrix</tensorRank>
      </ReturnValue>
    </Member>

    <Member name='qlTenorBasisSwapShortIndexLegAnalysis' type='QuantLibAddin::TenorBasisSwap'>
      <description>returns the short index rate leg cash flow analysis.</description>
      <libraryFunction>shortIndexLegAnalysis</libraryFunction>
      <SupportedPlatforms>
        <!--SupportedPlatform name='Excel' calcInWizard='false'/-->
        <SupportedPlatform name='Excel'/>
        <!--SupportedPlatform name='Cpp'/-->
      </SupportedPlatforms>
      <ParameterList>
        <Parameters>
          <Parameter name='AfterDate' const='False' default='QuantLib::Date()'>
            <type>QuantLib::Date</type>
            <tensorRank>scalar</tensorRank>
            <description>Shows only cashflows after given date</description>
          </Parameter>
        </Parameters>
      </ParameterList>
      <ReturnValue>
        <type>any</type>
        <tensorRank>matrix</tensorRank>
      </ReturnValue>
    </Member>

  </Functions>
</Category>
